kode,advt_median,advt_mean,rasio_mean_median,market_cap,harga_median,volume_median,turnover_bps,amihud_per_miliar,volatilitas_tahunan,rentang_harian_relatif,max_drawdown,beta_ihsg,pct_hari_volume_nol,pct_hari_harga_stagnan,umur_listing_tahun,jumlah_hari_bursa,sektor_Basic Materials,sektor_Consumer Cyclicals,sektor_Consumer Non-Cyclicals,sektor_Energy,sektor_Financials,sektor_Healthcare,sektor_Industrials,sektor_Infrastructure,sektor_Properties & Real Estate,sektor_Technology,sektor_Tidak Diketahui,sektor_Transportation & Logistics,kelas_likuiditas,kelas_kode
GIAA,0.45159440288692165,0.4648742022335091,-0.20780061785117565,0.8153151064155256,-0.8641890793953667,0.9138718931714409,-0.36708454576334315,-0.6016141874597324,0.1860860389717856,-1.1641185399270801,-1.105056622840223,0.4740431350611709,-0.3257551312299554,0.08893877573856164,-0.005685966440365939,0.0,0,0,0,0,0,0,0,0,0,0,0,1,Menengah,1
WIFI,1.30595501579765,1.603976314493494,-0.3174235153051745,0.3976447076252734,0.8381989565322016,1.3571234606037337,3.068313807570834,-0.6222067894438689,1.5585217777517084,1.3391105817727074,0.000982787111441003,1.0809196902787657,-0.2570743825277494,-0.952892110141142,-0.8436329095350902,0.0,0,0,0,0,0,0,0,0,0,1,0,0,Likuid,2
TBMS,-0.3488515016529285,-0.5419744508569674,0.1311183536002365,-0.1940567096229027,0.8051253174436199,-0.8474936207656996,-0.9843529423966746,0.06170655210961298,-0.5554766220393464,-0.211087926764897,1.2038548375636093,-0.6967136997596615,-0.27996796542848473,-0.4119414578574496,1.7512171948571318,0.0,1,0,0,0,0,0,0,0,0,0,0,0,Tidak Likuid,0
TRIN,-0.08228191743391813,-0.19306923438432042,0.06837862891326335,-0.32887243915555764,-0.4771725477497286,0.04934665685451887,-0.5328903345674609,-0.30632184319189354,0.1237211966198602,0.7369677388168607,-0.5744540224021047,-0.2006232033425041,-0.3257551312299554,-0.6122935512958542,-0.7623915161602554,0.0,0,0,0,0,0,0,0,0,1,0,0,0,Menengah,1
ERAA,1.068351035208713,1.121951431905746,-0.8288512281413403,0.9374626129349528,0.35071350499195403,1.1457473755454837,1.4032225039840096,-0.6215277245657373,-0.029784145013233704,0.1047526140339368,0.28360524678185006,1.8339182021046427,-0.3257551312299554,-0.9128216914534611,-0.07671415607665008,0.0,0,1,0,0,0,0,0,0,0,0,0,0,Likuid,2
KMDS,0.08315791844247188,0.08014315110847213,0.2544139858939883,-0.3492982429714004,0.5571683796041332,-0.19480198527491857,-0.13700659602489926,-0.4303735178058638,0.2689231122928474,0.5159217671229146,-0.12134763768651162,0.4287857806094482,-0.3257551312299554,-0.732504807358897,-0.8171714271215726,0.0,0,0,1,0,0,0,0,0,0,0,0,0,Tidak Likuid,0
SMDR,0.7811989226362756,0.7916275632972591,-0.6363159909910577,0.7615633358165798,0.11303018036942125,0.8886233324229579,0.6397811093435025,-0.618761233360369,-0.3287314466632003,-0.12757195100965166,-0.3227919661221972,1.0274615599111177,-0.3257551312299554,-0.9328569007973015,0.9782633664622757,0.0,0,0,0,0,0,0,0,0,0,0,0,1,Likuid,2
HOPE,-0.42717244163181706,-0.38490360083429453,1.2596924638829552,-1.251867742556954,-1.1667136357406525,-0.1169461051249888,-0.48358142361129,1.409549539015784,0.9450970716976599,-0.9487364427132103,-0.7970735358090033,-0.3578069107169394,-0.27996796542848473,0.2692556598331258,-0.8772900582189503,0.0,0,0,0,0,0,0,1,0,0,0,0,0,Menengah,1
MERK,-0.15981803343212897,-0.4699060051472491,-0.55020830223766,0.229974706378993,1.6432579198412869,-0.971183142474959,-0.98237384736869,-0.35765156482418803,-1.3656833957501264,-1.116776853353915,0.7640947695444725,-0.24753004412110136,-0.3028615483292201,-0.4920822952328115,2.3756872891721352,0.0,0,0,0,0,0,1,0,0,0,0,0,0,Tidak Likuid,0
SMDM,0.31030609513815793,0.2889606131979823,-0.1430871010292229,0.5061288800594242,0.5442974781594173,0.07678970812985075,-0.5072798751150219,-0.5658828373872571,1.5743892993314863,0.5993804475972381,-2.043321796773865,0.5556621544072904,0.017648612281074873,0.18911482245776393,1.2944084458237755,0.0,0,0,0,0,0,0,0,0,1,0,0,0,Tidak Likuid,0
RSGK,-1.2521236236404483,-0.9184404773221442,4.10231891313906,-0.03868458541273463,0.8572183407771538,-2.044825110165088,-1.1394223805075128,0.7423539649941391,-0.3174505458312524,-0.5275262133055026,0.5093612782693552,-0.8773294290520376,2.352794068156081,1.3711921737443509,-0.9021267127649713,0.0,0,0,0,0,0,1,0,0,0,0,0,0,Tidak Likuid,0
TFCO,-3.6711332822442735,-2.3817051990753755,-0.26705484360679566,0.5133332592797246,0.5468933911078656,-3.3356983446828483,-1.1407127521560876,1.8193251710235974,-1.6209968979011773,-1.9530365680253714,0.9302782950473045,-1.181016384161742,4.436110112122998,3.1142553866584706,2.3756872891721352,0.0,0,1,0,0,0,0,0,0,0,0,0,0,Tidak Likuid,0
DAAZ,0.9354195005450329,1.154747422458779,-0.1048755318593512,1.038415407929224,1.7493769722044428,0.41689817693711106,0.8356400814429296,-0.6179298037239318,2.024671678417432,1.4170979415071958,-1.3177637371031878,2.8614855672225,-0.22752084823770918,-1.1185165073835566,-1.1420882557848868,0.0,1,0,0,0,0,0,0,0,0,0,0,0,Menengah,1
BBNI,1.5663872500247509,1.799436429865299,-1.0243099423581412,2.4873467212228846,1.7935527199127073,1.2368367598407473,1.0352965328129045,-0.6226258934726611,-0.5997784433067505,-0.6676115201590458,0.17487215675437137,1.8081472704123436,-0.3257551312299554,-1.1332089942357062,1.1992399564418263,0.0,0,0,0,0,1,0,0,0,0,0,0,0,Likuid,2
FORU,0.3976338094298284,0.38409740096666983,-0.23314710874060895,0.09399341433882095,1.4484177469679826,-0.15728759729763048,0.2910723594402019,-0.5097881856290502,2.3074515991745512,1.941171559947555,-2.5803214479518948,1.9704531694054852,0.2465844412884284,-0.7926104353904183,0.7630897331523561,0.0,0,1,0,0,0,0,0,0,0,0,0,0,Tidak Likuid,0
GEMS,0.656939937627089,0.7241867739958981,-0.28688227913264164,1.9596700054294858,2.2516797394966033,-0.17898902811379988,-0.8933183772095381,-0.615802479008402,-0.006341411822346982,-0.034946119517960124,-0.7754947593485921,1.3819408843854688,-0.3257551312299554,-1.1332089942357062,-0.07044696287344854,0.0,0,0,0,1,0,0,0,0,0,0,0,0,Menengah,1
MANG,0.5687530775664353,0.5549505022020433,-0.45718827912706694,-0.6550465968891667,-0.777250048101469,0.9694860243174772,1.982667607270275,-0.4801408826812304,1.1861012344516089,1.7463943400108393,-2.4639867380340923,-0.3560791231878648,-0.3257551312299554,-0.5722231326081734,-1.1005878308663533,0.0,0,0,0,0,0,0,0,1,0,0,0,0,Menengah,1
TNCA,0.1329503122473797,0.24882167000721864,0.6735122770196786,-1.2583227883356767,-0.19663816992349376,0.20144398695173094,1.374714893116416,-0.4918947076739913,1.573401357200456,1.4919524976319316,-1.888484891623685,1.7711358212505885,0.22369085838769312,-0.512117504576652,-0.6310125771598083,0.0,0,0,0,0,0,0,0,0,0,0,0,1,Tidak Likuid,0
PEGE,0.1897119956715039,0.14051805458246597,-0.08058708458875098,-0.5520346823813829,-0.4689526263783644,0.38313755071788147,0.49140445456921866,-0.5334625736359594,0.422854960048029,1.2911680080598573,0.15897915697267206,0.168029465668768,-0.3257551312299554,-0.6924343886712161,0.4720134266036625,0.0,0,0,0,0,1,0,0,0,0,0,0,0,Menengah,1
MPXL,0.125858585768679,0.2675601658613241,0.7962335604907617,-0.7453857005666357,-0.49964754534842454,0.3012703014843144,0.5124245517245376,-0.5465715087766952,0.8703315742221599,0.6587322136383873,-0.27296821313853376,-0.031071757101728582,-0.3257551312299554,-0.23162457376288562,-1.0432546189703984,0.0,0,0,0,0,0,0,0,0,0,0,0,1,Tidak Likuid,0
MAHA,0.47780683180621036,0.3666347382612751,-0.6672982780513534,0.5112173973600174,-0.21254490704632198,0.6324533958790935,-0.03218575577534479,-0.6089430719511155,-1.089638536591462,-0.7239651761928296,0.4321172287665819,-0.04887894324365038,-0.3257551312299554,-0.4119414578574496,-1.0611277255128622,0.0,0,0,0,1,0,0,0,0,0,0,0,0,Menengah,1
HUMI,0.6252020684078928,0.7183096302686225,-0.14925288831693648,0.002830563909518879,-0.8961463272541347,1.114511523496131,1.216405488638216,-0.6183220197849565,0.03597380701833632,-0.4170845127863171,0.09928186488590612,-1.086378561014012,-0.3257551312299554,1.2109104989936272,-1.0646094995146407,0.0,0,0,0,1,0,0,0,0,0,0,0,0,Likuid,2
TGKA,-0.5730983538065741,-0.6683952140452035,0.8866081337259429,0.8554164430473881,1.993734592160543,-1.632106835190124,-1.1342036177772228,0.6747499644418955,-0.635604679455805,-0.9194723955240706,1.138209088603317,-0.6356417718308507,0.2923716070898991,0.008797938363200024,1.7468069477882122,0.0,0,0,1,0,0,0,0,0,0,0,0,0,Tidak Likuid,0
GTSI,-0.1623284848797012,-0.5064022887431316,-0.6574033695670345,-0.22764209892543347,-1.1021934954947206,0.21312181925712972,-0.7554361065751621,-0.125606520568086,-0.05211866210257394,-1.0266141080853335,0.8529851345432334,-0.3525763485443254,-0.3257551312299554,0.4095021252400092,-0.9021267127649713,0.0,0,0,0,1,0,0,0,0,0,0,0,0,Likuid,2
GWSA,-0.20443060387907178,-0.33233525103880096,0.17867959087749377,-0.0019105843617182297,-0.3947120447759897,-0.1746185327044664,-0.9445079386924183,0.08003576948458228,-0.9723447726920694,-0.5604204290878607,0.5993754040500527,-0.38463977600319704,-0.3257551312299554,-0.31176541113824735,-0.07880322047771716,0.0,0,1,0,0,0,0,0,0,0,0,0,0,Tidak Likuid,0
AUTO,0.879728107335354,0.8901864385258794,-0.7498059864755366,1.1397538808806535,1.3380035078029813,0.5049686787789891,0.45137809486494873,-0.6210266567216709,-0.9488121573841066,-0.7371337235733205,0.5239264667362517,0.33278677871308215,-0.3257551312299554,-0.732504807358897,1.0676288991745941,0.0,0,1,0,0,0,0,0,0,0,0,0,0,Likuid,2
NPGF,-0.6315227476423708,-0.5640673391481328,1.7207917730272542,-1.077128886910598,-1.2017160164158323,-0.3662321904992932,-0.9199725930589991,1.741427620862561,0.22278651569476007,-0.8920219237837331,-0.372234900611718,-0.39915907838441117,-0.3257551312299554,1.0105584055552226,-0.8680053275475406,0.0,1,0,0,0,0,0,0,0,0,0,0,0,Menengah,1
VRNA,-0.5314270099780994,-0.7325440083164328,0.3707249480225201,-0.34871150105112125,-0.6370108753606852,-0.4597186382763747,-1.0458668720339446,1.3829863604318429,-0.8820242533894261,-0.3613218759898419,0.34786173570873796,-0.4140235475345235,-0.3257551312299554,0.028833147707040426,0.2173796879402517,0.0,0,0,0,0,1,0,0,0,0,0,0,0,Tidak Likuid,0
AIMS,0.48216355758959534,0.39870539660484955,-0.5833479320390316,-1.1976939337479886,0.2764412015139727,0.4095562499999563,2.515844058438579,1.0105336626241277,0.9466645525932212,1.2087504521856498,-1.1488507496666278,1.3846194333042738,-0.3028615483292201,-0.6924343886712161,0.805103139440485,0.0,0,0,0,1,0,0,0,0,0,0,0,0,Tidak Likuid,0
AGAR,-0.31644785219820726,-0.45500512638470875,0.3022943293184549,-0.6616135435138508,0.027338240139460943,-0.5022413304769324,-0.7612787747533442,0.08209715524202418,1.0249655600885434,1.9604230676508332,-1.5983697755974255,0.2355328062953183,-0.3257551312299554,-0.6122935512958542,-0.7521783124217049,0.0,0,0,1,0,0,0,0,0,0,0,0,0,Tidak Likuid,0
SMMA,-0.2916659030909086,-0.0964722859004661,1.7320819727232202,2.231414348068773,2.273652149688548,-1.4907328841754806,-1.139080357925406,-0.43386589882787246,-0.5999725679888553,-0.8323932075059063,0.5116604820288139,-1.147201481189247,0.2465844412884284,2.2527413848733313,1.3173881542355146,0.0,0,0,0,0,1,0,0,0,0,0,0,0,Tidak Likuid,0
GTBO,-0.08131345526405355,-0.07434490179000669,0.5463550895034313,-0.301269581448099,-0.07804984901091808,-0.14042629647157606,-0.5899326402771204,-0.32908363292120496,0.8075422570458038,0.8221959916981278,-1.1673416032155546,0.38733924615692994,-0.3257551312299554,-0.5321527139204925,0.12940686482864502,0.0,0,0,0,1,0,0,0,0,0,0,0,0,Tidak Likuid,0
RUNS,-0.4520518729050777,-0.840645391542079,-0.4517462886330751,-1.3986648738698402,-0.8853075496568822,-0.258107186753173,-0.37817974249819303,1.2153694447872376,0.4903594776646796,1.2361489805448396,-0.4680511417288822,0.01636726880846182,-0.3257551312299554,-0.3919062485136092,-0.9021267127649713,0.0,0,0,0,0,0,0,0,0,0,1,0,0,Tidak Likuid,0
BBLD,-0.36399798049240206,-0.6179645922825133,-0.0829120199247311,0.04653978481512234,0.6154413092527318,-0.7757228624164331,-1.0448092484066704,1.2271880789675431,-0.013515414053925232,0.20832495104618584,0.654007471353699,-0.7763440776948235,-0.09681930222260189,0.1290091944262427,1.7549310871256956,0.0,0,0,0,0,1,0,0,0,0,0,0,0,Tidak Likuid,0
BTPS,0.9817923529951268,0.9856522790782721,-0.8805049054819841,1.0546865294551864,0.9497407796674927,0.7917079027653108,0.9216084861870592,-0.6211889735919217,-0.3730439519581994,-0.2753385343815037,-0.1023471232805788,1.7583111947547476,-0.3257551312299554,-0.9729273194849823,-0.6191745455537611,0.0,0,0,0,0,1,0,0,0,0,0,0,0,Likuid,2
KBLV,-0.354327126878296,-0.19366027353590265,1.6790483575763608,-0.9308402237840827,-0.6478496529579382,-0.2161458980953901,-0.562863815169633,2.139656688351164,0.5465911412314581,-0.3017804559551028,-1.237285266639754,-1.635283947964819,-0.234180799627014,0.08893877573856164,0.9237155737677438,0.0,0,0,0,0,0,0,0,1,0,0,0,0,Menengah,1
ENRG,0.9804976031515358,1.2454557755484899,0.005779729360876205,0.8336388162379093,-0.04995432784740799,1.2159254896539573,1.273707739287884,-0.6209855719979588,0.3307688025154967,0.5385518537165289,-0.46639227328848804,1.1151479546032346,-0.3257551312299554,-0.7124695980150565,0.560682604515625,0.0,0,0,0,1,0,0,0,0,0,0,0,0,Likuid,2
ASRM,-0.5922009275556335,-1.0273197091975503,-0.4340655036959156,-0.4549291756681562,0.16764011576775825,-0.8839657660193939,-1.0550150175168518,0.6018075397360984,-1.21525387185969,-0.8489075481029574,0.4659527728112718,-0.7393595808303758,-0.27996796542848473,0.028833147707040426,1.7663048821981726,0.0,0,0,0,0,1,0,0,0,0,0,0,0,Tidak Likuid,0
PSGO,-0.16442893273265496,-0.2789007249881873,0.17342930915014945,0.5593626985909838,-0.22703966533858033,-0.186152431342907,-1.0572408107780769,-0.16520672296519442,-0.4143981331588971,0.23671020859915257,0.9868428352343748,-0.8309727853972261,-0.3257551312299554,-0.5521879232643329,-0.7505534845542081,0.0,0,0,1,0,0,0,0,0,0,0,0,0,Tidak Likuid,0
SDRA,-0.20209732793244028,-0.46095322971843977,-0.3204260559581302,0.8439694077471459,0.2891994743875874,-0.43390903673517545,-1.0983279790023388,-0.3679678332071719,-1.451223867494351,-0.9488386564710662,0.09635609691930373,-0.4264081526853492,-0.3257551312299554,-0.19155415507520454,0.3469016808064169,0.0,0,0,0,0,1,0,0,0,0,0,0,0,Tidak Likuid,0
POLY,-0.9205058214302007,-1.395136218745641,-0.14111158761162385,-1.471244391955608,-1.5266594638090838,-0.5787428364628178,-1.007892114057675,4.138872264278246,0.5342027477251502,-1.0872215636694538,-1.6342356553259467,-0.6841482356874343,-0.11971288512333722,1.1908752896497867,1.6832065426890561,0.0,0,1,0,0,0,0,0,0,0,0,0,0,Tidak Likuid,0
CLPI,0.09240631224781895,-0.163745372487523,-0.6763816151824079,-0.536448176533258,0.9081043383083243,-0.34420009165758,0.09099729865420897,-0.5745256854009684,-1.3341340432722004,-1.0978239237547527,1.2102797105532794,-0.4900519866732543,-0.3257551312299554,-0.09137810835600226,0.7742314099580478,0.0,1,0,0,0,0,0,0,0,0,0,0,0,Tidak Likuid,0
SOLA,-0.304682453768432,0.5418204316473159,4.379275210674794,-0.86963485441253,-0.9534193421196354,-0.048311316819361697,-0.5549097580416706,-0.6199199910621138,0.614413770434966,-0.7490991534814976,0.36465985563438724,-0.9826017138275034,-0.1883936338255433,2.1325301288102883,-1.127977786347012,0.0,1,0,0,0,0,0,0,0,0,0,0,0,Menengah,1
IMJS,0.40096700220539083,0.5080287113221615,0.22576437797124155,0.2158811862116272,-0.18454574700771792,0.519204926417239,0.10025860828023102,-0.598249738905889,0.7792937066784651,0.3271612734212462,0.06747420396458777,1.6545546577513797,-0.3257551312299554,-0.6723991793273757,-0.2454641360295211,0.0,0,0,0,0,0,0,0,0,0,0,0,1,Menengah,1
WOWS,-0.10291272698563143,-0.3878329441589812,-0.5363204126559588,-1.0259556866823283,-0.97791760680395,0.23345952077995685,0.19040797576960522,-0.2050028598230648,0.13079136959673282,-0.9133419064021031,0.823506962218858,-1.0075339793461675,-0.3257551312299554,0.5096781719592114,-0.746607474018859,0.0,0,0,0,1,0,0,0,0,0,0,0,0,Menengah,1
BOBA,-0.22009451632513882,-0.2697685174863617,0.5232997703390331,-0.7779865444244838,-0.2071966202338583,-0.2563884080896464,-0.4519249409605325,-0.10055207007173052,0.19323099094696478,0.5994082314520435,0.10531149104316471,-0.05684983119326367,-0.3257551312299554,-0.5321527139204925,-0.9146610991713744,0.0,0,0,1,0,0,0,0,0,0,0,0,0,Tidak Likuid,0
TRJA,-0.18419411896856047,-0.4450494101433713,-0.3509461496015554,-0.6540203769283444,-0.21433809997484665,-0.21247480152982243,-0.4957211998399384,-0.13354089996985505,-0.5514910968487308,-0.07704270415148921,-0.06581504180093703,-0.029058123301132638,-0.3257551312299554,-0.7926104353904183,-0.814618126186935,0.0,0,0,0,0,0,0,0,0,0,0,0,1,Tidak Likuid,0
ASDM,-0.4042951562347086,-0.6769995025063835,-0.09757886790676228,-0.7973110341475252,0.4408141337717962,-0.776953836855405,-0.7935744106198018,0.5756753403873253,-1.00844071062358,-0.5684980769641007,1.1505763610143847,-0.8612621059535129,-0.3028615483292201,-0.5321527139204925,1.7881239992759852,0.0,0,0,0,0,1,0,0,0,0,0,0,0,Tidak Likuid,0
SMRA,1.1325797939368152,1.172553668714761,-0.9353672267335922,0.9911968394927179,0.3974194250062968,1.201410329095814,1.5432705967773226,-0.6220329874200574,-0.628230665159449,-0.2999514255776863,-0.6557613216952562,1.4891433555274576,-0.3257551312299554,-0.8927864821096206,1.7549310871256956,0.0,0,0,0,0,0,0,0,0,1,0,0,0,Likuid,2
LPPS,-0.0950247115074923,0.002918818193077919,0.9612372389823506,-0.9211161343563874,-0.8746572821265374,0.1860155794268987,0.045329552856604366,-0.16663405157476802,0.3331589993167882,0.9636289446429208,-0.5397402798196396,0.22649121220153481,-0.3257551312299554,0.08893877573856164,1.425091030023867,0.0,0,0,0,0,1,0,0,0,0,0,0,0,Tidak Likuid,0
NCKL,0.9810620082215098,0.9887373919279472,-0.8687908894034353,1.8628195268037826,0.6770827387045305,0.9038145372969214,-0.19216090350473813,-0.6214123953762649,-0.5077195799632046,-0.31076132921418975,-0.06300488168711825,1.509981879555145,-0.3257551312299554,-0.512117504576652,-1.036987425767197,0.0,1,0,0,0,0,0,0,0,0,0,0,0,Likuid,2
WINS,0.6162632205511541,0.5042928457364803,-0.8255628005997665,0.2853139394104701,0.32040599780562995,0.5829300431634523,0.7361528060339554,-0.6111199686571074,-0.4712148018593353,-0.27823533045352555,-0.01958795938677516,0.21130008787417745,-0.3257551312299554,-0.8727512727657801,0.011490785301741923,0.0,0,0,0,1,0,0,0,0,0,0,0,0,Menengah,1
SAPX,0.7280718451425857,0.749546843706158,-0.5363129844057986,-0.034622056291121375,0.9292763576357849,0.432292674090208,1.5408342574297245,-0.5766748144864052,1.7465934365823579,2.1835593359856578,-2.5803214479518948,2.0992383586235173,-0.16550005092480793,-0.9128216914534611,-0.6535280490379769,0.0,0,0,0,0,0,0,0,0,0,0,0,1,Tidak Likuid,0
MAPI,1.1515484876925075,1.2046561184338156,-0.9182588840211625,1.5242607077159398,1.0666448739698544,0.946922293718194,0.7934760016153485,-0.6219441287798175,-0.08183746994850719,0.016759725724269692,-0.08437728860680907,1.2261853997701644,-0.3257551312299554,-1.173279412923387,0.5244721548971271,0.0,0,1,0,0,0,0,0,0,0,0,0,0,Likuid,2
SPTO,0.31038239532719136,0.22221974404205053,-0.3849117030021653,0.2639282386692407,0.586997731585133,0.09675195210881768,-0.18402490936615512,-0.5947946225921743,-1.0039797055918076,-0.7457554887199005,1.3637299384521988,-0.1362361722967083,-0.3257551312299554,-0.21158936441904522,-0.6205672551544725,0.0,0,0,0,0,0,0,1,0,0,0,0,0,Menengah,1
BMBL,-0.06321140649514599,-0.34667945211911466,-0.5798291902614241,-1.8822762912134383,-1.6444631914720969,0.5884072787635576,1.847633820693789,0.4379801282471554,1.2343142655200157,2.3771820031955064,0.0222366417653793,-0.9297171231292571,-0.3257551312299554,0.48964296261537105,-1.01586466348974,0.0,0,1,0,0,0,0,0,0,0,0,0,0,Tidak Likuid,0
BFIN,0.85916623662592,0.8522697476719894,-0.7794123374618855,1.2928253140526809,0.7982907046739462,0.6947283348953149,0.1445573229338013,-0.6194260780659046,-0.5673014761994356,-0.3320268341347888,0.34811213094502375,0.5123897666141917,-0.3257551312299554,-0.732504807358897,1.7528420227246289,0.0,0,0,0,0,1,0,0,0,0,0,0,0,Likuid,2
CTTH,-1.206190518246217,-1.4077085288531264,1.4574014820862096,-1.6618432742624436,-1.3428829297588185,-1.0282602554575484,-1.091227206705063,4.138872264278246,-0.06383573761097894,-1.2563935566110516,0.8851431407152794,-1.42994082341268,0.3381587728913699,1.4713682204635534,1.2328971051256863,0.0,0,0,0,0,0,0,1,0,0,0,0,0,Menengah,1
MSJA,-0.055684168843377756,0.4311938908692772,2.7015995880963604,0.29764228765497963,0.15373452574226196,-0.19129452456765883,-0.9033195533662844,-0.25569368075150534,-0.3741938258406279,0.06170036294973128,0.5099403842370637,-0.5827662595662295,-0.3257551312299554,-0.6723991793273757,-1.100355712599568,0.0,0,0,1,0,0,0,0,0,0,0,0,0,Menengah,1
CMNT,1.2039322173299398,1.1944957143685704,-1.0910413879419305,1.3281315753761451,0.8000065224048052,1.11715851425674,1.2640052086411058,-0.6222023164723274,-0.595433613301029,-0.4281835821747105,0.4144668685607885,-0.32041243599308716,-0.3257551312299554,-0.21158936441904522,-0.9021267127649713,0.0,1,0,0,0,0,0,0,0,0,0,0,0,Likuid,2
BJBR,0.7004831582092915,0.6399468874826758,-0.7647157182462454,1.105784774627792,0.8235364456756608,0.48882851169812247,-0.08453116868504507,-0.6203135372762957,-1.1577206341946664,-1.1589741656723995,0.5512038452794439,0.4777939076098029,-0.3257551312299554,-0.21158936441904522,0.044915815718816844,0.0,0,0,0,0,1,0,0,0,0,0,0,0,Menengah,1
CBRE,-0.1428112383512421,-0.15661803196339136,0.5543738665239573,-1.068210913746061,-1.3900119432851215,0.35179658519247925,0.09703696471158639,0.22506383260862023,1.0444840837937188,-0.5949206698399965,-0.2979124407160331,0.3247330339794788,-0.3028615483292201,-0.011237270980640644,-1.0154004269561694,0.0,0,0,0,1,0,0,0,0,0,0,0,0,Likuid,2
ARKO,0.2834103434986259,0.25716874092334147,-0.12429825944891167,0.49725793101062576,0.831725588139398,-0.04940366808573541,-0.5082314002682231,-0.5661106510884336,-0.03774971636917479,0.11631775610608418,0.037269856032799246,-0.08964232319649697,-0.3257551312299554,-0.5722231326081734,-0.9724585476008997,0.0,0,0,0,0,0,0,0,1,0,0,0,0,Likuid,2
MLBI,0.4370692784569095,0.3043167035307431,-0.6879506323242903,1.2381447263362453,1.9688419215437272,-0.3369585733213293,-0.7913703284325881,-0.6131466109081047,-1.187064731580665,-1.1034658522216896,1.0700516762045438,-0.30258730676264145,-0.3257551312299554,-0.09137810835600226,2.3756872891721352,0.0,0,0,1,0,0,0,0,0,0,0,0,0,Menengah,1
NETV,0.20567930354971012,0.20851099820630592,0.09756597598867629,0.8943368445973549,-0.2846722873243529,0.3178581892243921,-0.8973868736380066,-0.4669170257998751,1.148902986751815,0.08296240254380473,-1.0527565501210259,-1.381215452683597,-0.3257551312299554,-0.8727512727657801,-0.9346232701149051,0.0,0,1,0,0,0,0,0,0,0,0,0,0,Menengah,1
BKSW,0.013880169392645844,0.15117035823353217,0.9576731648950242,0.3713873305760899,-0.8338171551683253,0.30941309524004756,-0.8665314815813995,-0.2708966089748807,0.27070755151765175,0.2853955705385095,-0.3853574418399881,0.1637839326605266,-0.3257551312299554,0.2692556598331258,0.6915973069825014,0.0,0,0,0,0,1,0,0,0,0,0,0,0,Tidak Likuid,0
BLTA,-0.23870306435527286,-0.5801459834583047,-0.5577072895263151,-0.31161842592263517,-1.4967815895866643,0.26336063411428273,-0.8387227755525758,0.45088889482171046,0.05123604633122408,-0.6360118842045405,0.686010871726841,-0.7334760610258696,-0.3257551312299554,1.271016127025149,1.7646800543306762,0.0,0,0,0,0,0,0,0,0,0,0,0,1,Tidak Likuid,0
SMCB,-0.7417025939162912,-0.32740043390661633,3.5758736558113418,0.9489289061619349,0.7136654427019506,-1.3075961227625512,-1.138364543415866,-0.3354776674006704,-0.9271652843681754,-1.6376261428255983,0.5901205335301613,-1.1222852790595104,2.284113319453875,1.5314738484950747,2.3756872891721352,0.0,1,0,0,0,0,0,0,0,0,0,0,0,Tidak Likuid,0
BOGA,0.28303650490702653,0.8902094017913519,2.6795156379598484,0.3857446795995756,0.5311502375168003,0.07821573083199397,-0.4002602952101195,-0.2719219243776891,-0.44595106982779237,-0.4444225570357529,-0.22015282423178362,0.042226884228571786,0.13211652678475164,0.46960775327153037,-0.5019548208272137,0.0,0,1,0,0,0,0,0,0,0,0,0,0,Tidak Likuid,0
TKIM,0.8548810973319515,0.866115042855251,-0.7192875493277955,1.4273657369608392,1.9688419215437272,0.20777923809844,-0.0158602906992283,-0.6199817815367953,-0.601981910760115,-0.5306317538025369,-0.32018657210362866,1.1538644232149826,-0.3257551312299554,-0.9729273194849823,1.7628231081963943,0.0,1,0,0,0,0,0,0,0,0,0,0,0,Likuid,2
ELIT,0.459486091865773,0.6412748865278092,0.443357533065649,-0.6351429644924381,-0.37106528652900755,0.671670408331097,1.57115397793043,-0.6015135101967927,1.163005827749677,1.0138316770300868,-0.39600885517462336,2.9429741315397795,-0.3257551312299554,-0.6523639699835352,-1.0147040721558136,0.0,0,0,0,0,0,0,0,0,0,1,0,0,Menengah,1
ESIP,-0.6121335212544627,-1.0751745826995112,-0.5040938322884846,-1.7119499985645783,-1.3428829297588185,-0.2936266882687459,-0.49903438056635996,1.4879906572590749,0.4857168545269741,-0.9812057086585392,-0.3807691407112225,-1.1021520480887843,-0.3028615483292201,0.8302415214606587,-0.7480001836195704,0.0,1,0,0,0,0,0,0,0,0,0,0,0,Menengah,1
BAPI,-0.22348514312563075,-0.48304336260913744,-0.2947278163768892,-1.3913238860954846,-1.8927598657682936,0.48462328063387855,0.2966561277927976,0.8603811710210328,1.9408737250157844,0.373314055696542,-2.5803214479518948,1.168404270923073,-0.005244970619660457,0.6699598467099349,-0.7343052058792412,0.0,0,0,0,0,0,0,0,0,1,0,0,0,Tidak Likuid,0
KMTR,-0.17982007597491892,-0.33797793750385313,0.02397918455923901,0.43715469177803845,0.12552806206338654,-0.33629001534920916,-1.0353385879889112,0.8314991696552556,-0.002210033018285788,1.3969125875451733,0.41037798202662773,-0.5306993494454308,-0.3257551312299554,-0.6122935512958542,-0.5442003453821278,0.0,1,0,0,0,0,0,0,0,0,0,0,0,Tidak Likuid,0
AYLS,0.38789284181867256,0.47435921051945684,0.16263923863658158,-1.3068464588888595,-0.6854304582740641,0.7170174483150566,2.3887393792737295,-0.5785221354860652,2.03007635672823,2.456436404739439,-1.1719643166027858,1.8571178417885639,-0.27996796542848473,-0.4119414578574496,-0.7688908276302422,0.0,1,0,0,0,0,0,0,0,0,0,0,0,Tidak Likuid,0
POLL,-3.6711332822442735,-5.467736899185445,-0.26705484360679566,-0.027833586784928734,-0.4662369902316874,-3.3356983446828483,-1.1407127521560876,-0.4882839576263857,-2.3868281524080426,-1.961306506314271,2.17950288914013,-1.2817750407614068,5.077130433343588,3.2745370614091946,-0.6340301146280165,0.0,0,0,0,0,0,0,0,0,1,0,0,0,Tidak Likuid,0
BIPP,-1.1922604858790993,-1.4907733818163358,0.9970731824575138,-0.8790166381785349,-1.2199972231577336,-1.076806140154531,-1.1304332215262258,4.138872264278246,0.5183379738358301,-0.9660271813600401,-0.11175505061814554,-0.8397597960041652,0.040542195181810244,0.6499246373660945,1.2918551448891378,0.0,0,0,0,0,0,0,0,0,1,0,0,0,Tidak Likuid,0
INDS,-0.1641329596704787,-0.4824235006766863,-0.5720002458379013,0.23859388586700098,0.012640535882245504,-0.28138373343049905,-0.9828289370155374,-0.20959551200307305,-0.5493847219889194,-0.018753489731072225,0.22701473479625311,-0.5334696986571769,-0.3257551312299554,-0.19155415507520454,1.7328798517810975,0.0,0,1,0,0,0,0,0,0,0,0,0,0,Tidak Likuid,0
MAYA,0.39667642712885587,0.351610901701917,-0.34523037338783885,0.8133906637691822,-0.10149290100303758,0.4848612578476739,-0.5523949994140617,-0.604557917171763,-0.09265735577661695,-0.12560736756389354,0.16605439159036256,0.7263608493481516,-0.3257551312299554,-0.5321527139204925,1.1349431965423142,0.0,0,0,0,0,1,0,0,0,0,0,0,0,Menengah,1
DIVA,0.18147095886095838,0.1577694689411442,0.028803670393001204,-0.8647793641802424,-0.4449348442196908,0.37125174850175263,0.9518088692304414,-0.4754511522418937,1.0383814823652258,1.931682549147159,-1.319535551656718,0.41340722917073863,-0.3257551312299554,-0.6122935512958542,-0.6662945537111652,0.0,0,0,0,0,0,0,0,0,0,1,0,0,Menengah,1
NFCX,0.09016242735013337,-0.08297815892883444,-0.39810525781536066,0.001580717736017735,1.1115197541340414,-0.44066483277495105,-0.525898265046354,-0.40695262336107574,0.3676826719576227,0.7076354885412791,-0.6973299071928433,0.5890044437654083,-0.3257551312299554,-0.6523639699835352,-0.6342622328948018,0.0,0,0,0,0,0,0,0,0,0,1,0,0,Tidak Likuid,0
ATLA,-0.34365325353053777,-0.11936226683600755,1.9576358828598568,-0.5612497124688536,-0.9534193421196354,-0.09801824635392342,-0.8319356614402325,-0.6226261738919607,-2.3868281524080426,-1.961306506314271,2.17950288914013,-1.2817750407614068,-0.3257551312299554,3.2745370614091946,-1.1228711844777366,0.0,0,0,0,1,0,0,0,0,0,0,0,0,Menengah,1
TRON,0.21388970078858252,0.3290704374664413,0.5436872591695074,-0.5344569919593984,-0.471680358939772,0.41611658014343783,0.5526083782136242,-0.5387853367796738,1.1785801063935135,1.5530756018571554,-0.44003469695778136,1.9430790630196242,-0.3257551312299554,-0.7725752260465779,-1.0288632864297134,0.0,0,0,0,0,0,0,0,0,0,1,0,0,Menengah,1
MEDC,1.2496090598190095,1.369190901339357,-0.8313467777572899,1.6566110300836316,0.9798486250815164,1.1222738747479422,0.9899987449744206,-0.622344574340203,-0.5677756656995083,-0.405946215912364,0.28484148676773835,0.3249942308141081,-0.3257551312299554,-1.1332089942357062,1.3791316132003888,0.0,0,0,0,1,0,0,0,0,0,0,0,0,Likuid,2
MGNA,-0.677386004870283,-1.1005937316143213,-0.2813878232527485,-1.319893401403465,-1.5266594638090838,-0.2669626334121924,-0.8467558824125745,3.264506873205471,0.8838807624334615,-0.8533122120895419,-0.16741313822360968,-0.7850043530042848,-0.09681930222260189,0.6499246373660945,-0.294208972054422,0.0,0,1,0,0,0,0,0,0,0,0,0,0,Tidak Likuid,0
CITY,0.17870144813085123,0.35828431755112905,0.876459018355744,-0.32691861199940864,-0.5789709537606208,0.4136006008333364,0.13848766343833369,-0.508984496311076,1.805780865184921,2.0965810480874887,-0.9061582968369687,0.4919237599552344,-0.3257551312299554,-0.3318006204820879,-0.6523674577040507,0.0,0,0,0,0,0,0,0,0,1,0,0,0,Tidak Likuid,0
GDST,-0.03347790878261997,-0.07500520763665808,0.27260398991254536,-0.012719121132229337,-0.5112021324339757,0.13415205338465466,-0.6798581732752884,-0.07117161121293906,-0.1336395787841354,-0.12666598752768005,-0.16741313822360968,0.3503028995782893,-0.3257551312299554,-0.4520118765451306,0.09064311427550951,0.0,1,0,0,0,0,0,0,0,0,0,0,0,Tidak Likuid,0
GOTO,1.5663872500247509,1.799436429865299,-0.9613780864819623,2.125944746216111,-0.755140247778787,1.5675135380058072,1.581692968177307,-0.6225983568401692,0.018282097018990084,0.25469322728676985,0.2666559702856711,1.8744263706012596,-0.3257551312299554,-0.21158936441904522,-0.9520321401237982,0.0,0,0,0,0,0,0,0,0,0,1,0,0,Likuid,2
KOKA,0.26925008233668235,0.3459978819817917,0.2996542068712234,-0.7869715133260919,-0.7683101090721839,0.6014268255223519,1.1012070020418885,-0.5638844156784383,0.8429156664792825,1.207859236006116,-0.43366732314616757,-0.8951764679133624,-0.3257551312299554,-0.3718710391697687,-1.079232950322111,0.0,0,0,0,0,0,0,0,1,0,0,0,0,Menengah,1
SUNI,0.3973908152838409,0.26872248812640315,-0.6285638783962335,0.3270266175955255,0.7136654427019506,0.1408227821071431,-0.04042686720601161,-0.5914703773237613,0.18069080753923666,0.15375856694216178,0.05391878959064276,0.6286710420827661,-0.3257551312299554,-0.7725752260465779,-1.0154004269561694,0.0,0,0,0,1,0,0,0,0,0,0,0,0,Tidak Likuid,0
JKON,0.3288063133925816,0.3795691947591764,0.10753405980147136,0.14138100640199042,-0.6626063898413632,0.6362629409741856,-0.010191336900065982,-0.5920065470453921,-0.5712497605285686,-0.02669228100130949,-0.19068833849498548,1.0608533204365265,-0.3257551312299554,-0.29173020179440695,0.26473181436444115,0.0,0,0,0,0,0,0,0,1,0,0,0,0,Menengah,1
SKBM,-0.2345225617687201,-0.2511465834812804,0.6863589273363075,-0.22303621655076145,0.2450304730556138,-0.4651697286764852,-0.8686114628382484,0.502056252560329,1.5355205057877617,2.1844496272084393,-1.3846091324154397,-1.287374619151554,-0.3028615483292201,-0.8727512727657801,-0.14379633517758508,0.0,0,0,1,0,0,0,0,0,0,0,0,0,Tidak Likuid,0
RUIS,-0.054500220711028696,-0.013345133140066174,0.6495443286246955,-0.976242418596113,-0.20897419752704643,-0.0505006769052529,0.23231398105680845,-0.42370399260188857,0.0933679879092029,-0.1974633116711792,0.7259438133689076,-1.378501670783351,-0.3257551312299554,-0.3919062485136092,0.3831121304249149,0.0,0,0,0,1,0,0,0,0,0,0,0,0,Tidak Likuid,0
SCNP,-0.4146588862967981,-0.185512247791955,2.103812646797123,-0.4376682154510646,-0.24944612628946966,-0.47490081595936867,-0.9495306724866401,1.2771533486200186,0.14735198699345647,1.0965910964869254,0.2137276817542614,-0.8441073132264928,-0.27996796542848473,-0.6723991793273757,-0.8171714271215726,0.0,0,1,0,0,0,0,0,0,0,0,0,0,Tidak Likuid,0
CLAY,-1.0703917659243418,-0.4210336803521916,4.379275210674794,-0.01144505051352863,0.26996098286810555,-1.4000158687855164,-1.134971786067973,4.138872264278246,0.6094796708831275,-0.7994866335475488,-0.6914454250352903,-1.5265854403029182,1.8033480785384326,0.7501006840852968,-0.6783647035839977,0.0,0,1,0,0,0,0,0,0,0,0,0,0,Tidak Likuid,0
TRUS,-0.19788767772964563,0.040315277825916186,1.7713199396492345,-0.4759799004772719,0.3974194250062968,-0.4775848514734092,-0.6551095267573052,1.461051950840391,1.2183246777532328,1.8119263660297331,-1.8435869724633525,-1.610743619284751,-0.21128721672627868,-0.6924343886712161,0.6899724791150047,0.0,0,0,0,0,1,0,0,0,0,0,0,0,Tidak Likuid,0
SEMA,-0.09629634620093018,-0.2916455591878199,-0.2320350677733028,-1.0326212394518783,-0.619361960825204,0.06396287668014007,0.15791748720903526,-0.40785541431429845,-0.13436572163882482,0.10856876353079406,0.2666559702856711,0.08218327226663073,-0.3257551312299554,0.1290091944262427,-0.9309093778463413,0.0,0,0,0,1,0,0,0,0,0,0,0,0,Tidak Likuid,0
IPAC,-0.7345509780547124,-1.1163921002852728,-0.049645492724564276,-1.075285883208575,-0.460841581342519,-0.8063323819233861,-0.9975785365970342,2.7604289220864815,0.8846172450463801,1.8369621025724707,-0.047497720767068326,-1.6512665478408923,-0.27996796542848473,-0.7725752260465779,-0.8858784340900042,0.0,0,0,0,0,0,0,0,0,1,0,0,0,Tidak Likuid,0
ARGO,-0.4262637122282578,-0.6450739287202335,0.1424279753646088,0.5139042433555764,0.8034238021852367,-0.9356847982939795,-1.11283745327626,1.16111474365722,1.551206223894067,1.6888478887435114,-1.5288837618324085,0.2586055059529431,-0.09681930222260189,-0.8527160634219397,1.6980621117633115,0.0,0,1,0,0,0,0,0,0,0,0,0,0,Tidak Likuid,0
VICI,0.16889747730923846,-0.1771998651348365,-1.0185339467735144,0.705022603863222,0.586997731585133,-0.092523484941755,-0.8463735951816902,-0.5612821275177813,-1.6027408166702637,-0.8412129222265102,1.6331822161036667,-0.6597082986866798,-0.3257551312299554,0.8703119401483395,-0.840615372066882,0.0,0,0,1,0,0,0,0,0,0,0,0,0,Menengah,1
TARA,-0.5297351734251948,-0.8499524347073372,-0.1023384060064757,-1.1062313337666843,-1.8927598657682936,0.06120027999882592,-0.796076947946982,2.133675059784835,1.5404770221761224,0.8383096388352498,-0.19789256715041137,-1.0669367778171581,-0.3257551312299554,1.3711921737443509,-0.2949053268547776,0.0,0,0,0,0,0,0,0,0,1,0,0,0,Tidak Likuid,0
HDFA,-0.5944696491474938,-0.39225659792464657,2.290342791680186,-0.144261573731584,-0.4662369902316874,-0.6367962891949881,-1.0978977362987166,1.5932095781328934,0.7891331131181767,0.9405391179595023,-0.09883442313830554,-0.34265377458533863,-0.3028615483292201,-0.05130768966832145,-0.0261123739174673,0.0,0,0,0,0,1,0,0,0,0,0,0,0,Tidak Likuid,0
DNET,0.00027191849857995695,0.0525928989998999,0.6110501771737996,2.3649035516502965,2.2246797570134484,-0.9974144193535714,-1.135734257860477,-0.411424801707923,-0.12473242470123043,-0.2965605200741631,0.9890519195079192,-0.9961281453547272,-0.27996796542848473,-0.19155415507520454,0.8564012764000234,0.0,0,0,0,0,1,0,0,0,0,0,0,0,Tidak Likuid,0
JATI,-0.646133162681922,0.47828299841086086,4.379275210674794,-0.8724094849832918,-0.9534193421196354,-0.4838270154312526,-0.9949886245456909,-0.6168240684915401,1.3367698102489396,-0.6573596050989268,-0.34758042921314924,-0.9247783445302322,-0.07392571932186652,2.392987850280214,-1.0430225007036134,0.0,0,0,0,0,0,0,0,0,0,1,0,0,Menengah,1
KONI,-0.5836634526940255,-0.6759261160623138,0.917020817705866,-0.42906894758959857,1.0324505650676885,-1.2473085057944981,-1.0590808148976043,1.358188583506462,1.7713113871702761,1.590569132898132,-0.21291560320911956,-1.328150230369568,-0.11971288512333722,-0.7525400167027374,1.3062464774298228,0.0,0,0,0,0,0,0,1,0,0,0,0,0,Tidak Likuid,0
OBMD,0.12533637834346598,-0.1254350562881037,-0.697583696707263,-0.8685722940214732,-0.10149290100303758,0.12341887717473463,0.6664796526263261,-0.5094956681056682,-0.2143369043073799,0.15279971314488944,-0.2524463276208467,0.15002542653077983,-0.3257551312299554,-0.4920822952328115,-0.9232494750424283,0.0,1,0,0,0,0,0,0,0,0,0,0,0,Tidak Likuid,0
NOBU,0.4737711668879823,0.5450695277193295,-0.02049172879021286,0.752848980235332,0.586997731585133,0.2917882196928786,-0.31846843866396213,-0.5946447313256683,0.1401513822686879,0.39678815894431874,0.1716003872014925,-0.2697666610312463,-0.3257551312299554,-0.8126456447342588,-0.19811200960533168,0.0,0,0,0,0,1,0,0,0,0,0,0,0,Menengah,1
DADA,-0.19708633147123597,-0.42987295169862133,-0.2330393143483919,-1.3616340831853855,-2.0156455723693787,0.5650928772072334,0.3156354751077314,0.611211126330715,2.111249936759563,1.7124414816256466,-0.34197714025892906,-0.2551753987359588,-0.1883936338255433,1.491403429807394,-0.7693550641638127,0.0,0,0,0,0,0,0,0,0,1,0,0,0,Tidak Likuid,0
CASA,0.749995316829367,0.6684878381871783,-0.8802228241290135,1.6863420108697205,0.5442974781594173,0.6554029364151931,-0.5852580406230341,-0.6176965471235393,-0.6227955407496577,-0.35708319800391775,1.2938065426789476,-0.39666727430841353,-0.3257551312299554,-0.23162457376288562,-0.46644072600907166,0.0,0,0,0,0,1,0,0,0,0,0,0,0,Menengah,1
ANJT,0.521648411022597,0.6009565316116046,-0.05736450995493188,0.4503500953238077,0.68952138464892,0.2662869291402091,0.0781628658079397,-0.6151629793546701,-0.6385970272543745,-0.8464824728307705,1.8145518322534238,-1.6128438239744387,-0.3257551312299554,-0.15148373638752374,-0.19532659040390882,0.0,0,0,1,0,0,0,0,0,0,0,0,0,Menengah,1
MPOW,0.34137803899470204,0.37067486198219907,0.005737001445409138,-1.2427358533014277,-0.5789709537606208,0.6056662261060392,2.0818643511838544,-0.5687282984367009,1.596080157906541,2.0674507160027327,0.48711968296720193,0.09490145278973144,-0.27996796542848473,-0.472047085888971,-0.5479142376506917,0.0,0,0,0,0,0,0,0,1,0,0,0,0,Menengah,1
ELTY,0.18761260974523308,-0.01936966946555476,-0.6316662361812285,-0.3083973779740328,-1.7904601294408111,0.9504489712915838,0.13892292683170673,-0.44958056099736804,1.2569976464460753,0.3750545724922538,-0.7401055659535172,0.6672671475612815,-0.3257551312299554,1.1908752896497867,1.2902303170216411,0.0,0,0,0,0,0,0,0,0,1,0,0,0,Menengah,1
ASII,1.5663872500247509,1.7413625025996518,-1.0090331418717917,2.568010533876095,1.8397941134405087,1.161992644574575,0.7530672919370954,-0.6226261738919607,-1.036387601295597,-0.9683383509101898,1.2689155728628092,0.5974939221101216,-0.3257551312299554,-0.9328569007973015,1.7625909899296088,0.0,0,0,0,0,0,0,1,0,0,0,0,0,Likuid,2
PGEO,1.038669263084432,1.3809752264496997,0.22623334476925913,1.8474157841512873,0.9138221664737624,0.8963948008893238,0.036776943190419104,-0.6217112476694633,-0.13976955643320846,-0.1965802514894394,-0.21639369910598003,0.9890456263431199,-0.3257551312299554,-0.9729273194849823,-1.0260778672282906,0.0,0,0,0,0,0,0,0,1,0,0,0,0,Likuid,2
CSAP,-0.30985881570288276,-0.48708629981198337,0.13712950395540402,0.45288499443150004,0.3703786105093009,-0.5919245271375535,-1.082596805514361,0.9895271925635755,-0.28310466744788293,-0.29245622568981966,-1.028910077997916,-0.8913206468913721,-0.27996796542848473,-0.512117504576652,0.2628748682301592,0.0,0,1,0,0,0,0,0,0,0,0,0,0,Tidak Likuid,0
BDKR,0.7979252172606777,0.869661842724652,-0.45362851579846514,-0.04581889545406776,-0.14481019276513477,0.9474941236897386,1.7481214928199806,-0.6156398586828663,1.1051382857920584,0.9764846438228181,-2.5803214479518948,2.6091345167107485,-0.3028615483292201,-0.8527160634219397,-1.0277026950957873,0.0,0,0,0,0,0,0,0,1,0,0,0,0,Menengah,1
BWPT,0.42845043602422456,0.6899289017922612,0.8319458746638604,0.2905232378686691,-0.8746572821265374,0.8542356741707254,0.10622012425631214,-0.6040238164103314,0.2833592236297074,0.20200184481236644,0.7926888729706473,0.30908921319837973,-0.3257551312299554,0.16907961311392353,0.10387385548226839,0.0,0,0,1,0,0,0,0,0,0,0,0,0,Likuid,2
UNIC,-0.3196990194138266,-0.5281569101936937,0.02892154330181113,0.5434947481719904,2.1347379035705307,-1.367421043703075,-1.0980236756610096,-0.09609575254136946,-1.0402796597522956,-0.940334546969753,1.1339467722374832,-1.0800987147825591,0.13211652678475164,0.028833147707040426,1.79717661168061,0.0,1,0,0,0,0,0,0,0,0,0,0,0,Tidak Likuid,0
NAIK,0.8260345472193548,0.9235316078536661,-0.4004948105706061,-0.11397602943959766,-0.002418623323249968,0.9798607610515168,2.1397750693324347,-0.6164983035743068,2.2299443848781206,2.456436404739439,-2.1864669919804856,1.3631305994642615,-0.29260859402398276,-1.0566327033080216,-1.1420882557848868,0.0,0,0,0,0,0,0,1,0,0,0,0,0,Menengah,1
BDMN,0.6340538460939861,0.4820378496907146,-0.9578954868018644,1.5545067214861956,1.4352013728485158,0.1333462740897367,-0.6967725899488335,-0.6193458488544165,-1.576091607956399,-1.1942077302797138,1.3958756383677826,-0.34202746451426685,-0.3257551312299554,-0.472047085888971,1.7902130636770526,0.0,0,0,0,0,1,0,0,0,0,0,0,0,Menengah,1
ZATA,-0.20950005417378284,-0.5361579281805287,-0.5444163460804299,-1.2396627352717555,-1.9511254321234468,0.5166060619339715,0.10553666780953093,0.37760035371103806,1.7024038867753162,0.939012738817289,-0.594125143198835,0.5403083245005826,-0.3257551312299554,1.5114386391512342,-1.0014733309490549,0.0,0,1,0,0,0,0,0,0,0,0,0,0,Menengah,1
BSWD,-3.6711332822442735,-2.2803879333105233,-0.26705484360679566,1.097388837179073,1.454332173351228,-3.3356983446828483,-1.1407127521560876,2.84660171455194,-1.263463815618937,-1.9339310464797137,-0.7328065448157833,-1.3221245132192954,4.459003695023734,2.8738328745323853,0.738949433406691,0.0,0,0,0,0,1,0,0,0,0,0,0,0,Tidak Likuid,0
BNBR,0.1573217137237908,-0.044577462754122166,-0.5789913782254782,0.8131187075375195,-1.2017160164158323,0.624812182121846,-0.9290564328236487,-0.4676209956605681,0.39084990708649514,-0.9250504266214066,-0.7922414312230467,0.36922778369937215,-0.3257551312299554,0.4095021252400092,1.813424890355577,0.0,0,0,0,0,0,0,1,0,0,0,0,0,Likuid,2
AKSI,0.1148295268405878,0.2503675952085856,0.787130844288005,-0.8075570579870756,0.044051264340603906,0.10148418874061976,0.686266780813093,-0.3670724582198239,2.16605911154024,2.1968844517669126,-2.2732945465608028,1.8052036148443553,-0.07392571932186652,-0.732504807358897,0.8067279673079817,0.0,0,0,0,0,0,0,0,0,0,0,0,1,Tidak Likuid,0
AALI,0.7465788199648302,0.6999046208934601,-0.774187927343178,1.1922641305831625,1.96629608372257,0.05797536661460065,-0.07631185255817328,-0.6199079610178108,-1.0716729107340566,-0.9224886142363422,0.8328863806857048,0.4413244194283937,-0.3257551312299554,-0.8126456447342588,1.1112671333302193,0.0,0,0,1,0,0,0,0,0,0,0,0,0,Likuid,2
NICL,0.6219966956611379,0.9307078211125621,0.7273377123411747,0.5422455843678466,0.10027190749580657,0.6673587847063313,0.34187359206846474,-0.607577566439007,0.867147575042504,0.7445397271581025,-0.12585028059615283,0.4598748761011976,-0.16550005092480793,-0.7124695980150565,-0.8879674984910715,0.0,1,0,0,0,0,0,0,0,0,0,0,0,Likuid,2
OASA,1.0563624386823143,1.0421529076540959,-1.006175757510578,-0.0542633439730702,-0.3350328384158096,1.4159343212542557,2.952047101481935,-0.6206433809566166,0.13642163577476285,0.6098464085475863,0.24849603118262245,0.58328825726793,0.2694780241891638,-0.4920822952328115,-0.4662086077422864,0.0,0,0,0,0,0,0,0,1,0,0,0,0,Likuid,2
BEEF,0.1974116851260876,0.48103856819080315,1.3098077165572097,-0.026970953170232875,-0.3762558548358629,0.37632051905569686,-0.12293324469258869,-0.5329857313473648,0.7045354469380999,1.1646771916425005,-0.07956166514562296,-0.1187786846571169,-0.3028615483292201,-0.6924343886712161,-0.6765077574497158,0.0,0,0,1,0,0,0,0,0,0,0,0,0,Menengah,1
CINT,-0.21938256138389128,-0.16380102465791638,0.9766499907000709,-0.8467345551475327,-0.20542418788937875,-0.2411075629102297,-0.3536126935112561,0.641294946074159,1.2510104485171893,1.2616303791809351,-0.20119450528414823,-0.24347410214134227,-0.3257551312299554,-0.6122935512958542,-0.2916556711197843,0.0,0,1,0,0,0,0,0,0,0,0,0,0,Tidak Likuid,0
ALDO,-0.1534958830735433,-0.36654000383849894,-0.21961705899456593,0.14224601952455973,0.433376289936541,-0.43212628655437596,-0.9338500509904905,0.028030841760820015,-0.44332863624191715,0.11415398909302145,0.5540278562345038,-1.3317565031272636,-0.3028615483292201,-0.6523639699835352,-0.040735824724937454,0.0,1,0,0,0,0,0,0,0,0,0,0,0,Tidak Likuid,0
SOSS,-0.660663522657976,-0.8132179456150455,0.7777646667001377,-0.5021913486432765,0.3648241511358925,-1.0595861459513856,-1.0739876127777133,2.4267362739707816,1.2800884017794751,0.3094620433846602,-1.9413159017634751,-1.6512665478408923,0.17790369258622238,-0.472047085888971,-0.6614200701086751,0.0,0,0,0,0,0,0,1,0,0,0,0,0,Tidak Likuid,0
GUNA,0.28660925591957914,0.21157895121206405,-0.30744856390817754,-0.13298603244164883,0.13372049123750165,0.2524534782562165,0.23221449803907915,-0.562347875743088,-0.4709835690327584,0.027379958550996526,0.21112170489957396,-0.14588046649334546,-0.3257551312299554,-0.011237270980640644,-1.1420882557848868,0.0,0,0,1,0,0,0,0,0,0,0,0,0,Tidak Likuid,0
INAI,-0.23755122597346237,-0.10808307801892901,1.3380352060375895,-1.1440448827518965,-0.30100325373156245,-0.21489322763946372,-0.04636851599305116,0.5598833496362597,1.401946215917118,2.247744198978095,-0.4887974964011529,-1.2238121576098402,-0.3257551312299554,-0.732504807358897,1.3665972267939859,0.0,1,0,0,0,0,0,0,0,0,0,0,0,Tidak Likuid,0
ASRI,0.8283199474098674,0.9404334304024806,-0.35220395045943614,0.49692897798376706,-0.3306742794644238,1.1513115317962925,1.2604036718786822,-0.6185775349312462,0.20926276817861905,0.32922543867183063,-1.292825334551399,2.21199389266341,-0.3257551312299554,-0.9128216914534611,0.26148215862944796,0.0,0,0,0,0,0,0,0,0,1,0,0,0,Menengah,1
TUGU,0.7211515724388835,0.6453659345775279,-0.8328698376578983,0.6332609977122972,0.884683703878601,0.4791442891249523,0.5940702554356497,-0.619316789529779,-1.0608639605492196,-0.8859620040524068,0.45273057328707766,0.6406413131434214,-0.3257551312299554,-0.512117504576652,-0.6238169108894659,0.0,0,0,0,0,1,0,0,0,0,0,0,0,Menengah,1
KRAS,0.49283478662419017,0.7821698051149213,0.8499089020013135,0.41870288568220143,-0.41930872246935696,0.7434178250928146,0.1428101964431671,-0.6027309421110502,1.118076629183572,0.7708858975509351,-0.16487318581304286,2.223890791574561,-0.1426064680240726,-0.5722231326081734,0.015901032370661546,0.0,1,0,0,0,0,0,0,0,0,0,0,0,Likuid,2
FITT,0.0567973295954476,-0.046856457087369574,-0.10119755228603419,-0.9712408281111872,-0.5229789366851743,0.2131612751366173,0.5721844170271366,-0.4624197105787753,0.9909139473610679,-0.2674218451080385,-0.49202840581212465,-0.8544408232799324,0.4526266873950467,0.710030265397616,-0.7117897340010727,0.0,0,1,0,0,0,0,0,0,0,0,0,0,Menengah,1
PYFA,0.8786457160997404,1.0220738136320535,-0.3068468829206506,0.45385899952411246,-0.044486658064001185,1.0825078297821702,1.4835335414123416,-0.6180197211706625,1.3270542164980768,1.6829900621841771,-0.8906765680401079,2.8738610602468513,-0.051032136421131157,-0.8527160634219397,0.7846767319633836,0.0,0,0,0,0,0,1,0,0,0,0,0,0,Likuid,2
MSIN,0.967034922466047,1.1154293071537364,-0.4042896647901862,1.8585586153030458,0.6956472271375992,0.8138034896254596,-0.356309188281982,-0.6177658704066439,1.430692906310833,1.7093106354160472,-1.9016926441586328,1.1326465733918742,-0.234180799627014,-0.732504807358897,-0.6263702118241036,0.0,0,1,0,0,0,0,0,0,0,0,0,0,Likuid,2
PTPW,-0.249545729920079,-0.5948479814015225,-0.5572502575021856,-0.1022195474682387,0.8118844914459513,-0.7246542483620573,-0.9363150636073543,-0.46976884875057745,-1.7730706470051631,-1.5001499293392944,1.3545263461880273,-0.6814429777182198,-0.3257551312299554,0.04886835705088083,-0.767730236296316,0.0,0,0,0,0,0,0,0,1,0,0,0,0,Tidak Likuid,0
TOYS,-3.6711332822442735,-5.467736899185445,-0.26705484360679566,-1.8822762912134383,-2.0156455723693787,-3.3356983446828483,-1.1407127521560876,-0.4882839576263857,-2.3868281524080426,-1.961306506314271,2.17950288914013,-1.2817750407614068,5.077130433343588,3.2745370614091946,-0.8097436425844449,0.0,0,1,0,0,0,0,0,0,0,0,0,0,Tidak Likuid,0
EDGE,0.03300182500413026,0.2012989294404876,1.0638574235864493,1.0118994501917016,1.7087975476716404,-0.7478193695104701,-1.0531700724002575,-0.4840898977507722,0.8836215172159115,0.4558648571812726,-0.2960636233056926,0.4644838625795136,-0.3028615483292201,-1.0931385755480252,-0.8529176402064997,0.0,0,0,0,0,0,0,0,0,0,1,0,0,Tidak Likuid,0
BBMD,-0.7371059745643901,-0.7101135823330689,1.7136689174630457,1.0274825428632393,1.3028503886784217,-1.5581760779307876,-1.1387385071464933,1.1865338201715723,-0.8878660968487747,-0.6855433404591027,0.9708117741300304,-0.7479036212586813,0.49841385319651743,0.20915003180160457,-0.20948580467780864,0.0,0,0,0,0,1,0,0,0,0,0,0,0,Tidak Likuid,0
JPFA,1.2447214853001827,1.293637068652393,-1.0228902291743598,1.4611461912907453,1.1996454416206805,1.014066604028537,1.247294014901729,-0.6222777212704786,-0.5053511358881402,-0.2539109682784803,0.25832016949249825,0.24342731730750405,-0.3257551312299554,-1.0931385755480252,1.8004262674156035,0.0,0,0,1,0,0,0,0,0,0,0,0,0,Likuid,2
IKPM,0.13653771175807403,-0.12307257019674879,-0.7377134971051863,-0.4244511597660259,0.00766185034873905,0.09993684963965702,0.10461887105611323,0.22080636038724494,-0.9365371249190743,-0.6308387797242446,0.19051962910758272,-0.6585168124218318,-0.3257551312299554,-0.19155415507520454,-1.0857322617920977,0.0,0,0,0,0,0,1,0,0,0,0,0,0,Tidak Likuid,0
RELI,-0.9020475115562271,-0.8242787125870621,2.2379257873805165,-0.08503053763986285,0.3947684470675275,-1.3864785289270722,-1.1320884282652717,2.837341342742746,1.240559339113858,0.5687442587155889,-0.2507235772902013,-0.25153529469920444,0.38394593869284066,-0.3318006204820879,0.4676031795347429,0.0,0,0,0,0,1,0,0,0,0,0,0,0,Tidak Likuid,0
WICO,-3.6711332822442735,-2.3866150288166827,-0.26705484360679566,-0.5861953808001218,-0.40935118685396216,-3.3356983446828483,-1.1407127521560876,-0.6226261738919607,-2.3868281524080426,-1.961306506314271,2.17950288914013,-1.2817750407614068,4.802407438534764,3.2745370614091946,1.3942193005414296,0.0,0,0,1,0,0,0,0,0,0,0,0,0,Tidak Likuid,0
AKKU,-0.8867437302096556,-1.2091917362293358,0.4106956714161499,-1.12564980494412,-1.6633069843330461,-0.47413906361036334,-1.0608748712862517,4.138872264278246,0.56366884482135,-0.7851733249854553,0.547956987764268,-0.7627433737368088,0.2694780241891638,1.491403429807394,0.5265612192981944,0.0,0,1,0,0,0,0,0,0,0,0,0,0,Tidak Likuid,0
ARKA,-0.30461181919153807,-0.5935233980668526,-0.29272054632394157,-1.6047824662789236,-1.5580701922674425,0.23590284775151918,0.3379000036905386,0.6211644538950083,1.055727536369831,-0.3754507312301903,-0.9408286472412056,-0.39706145035968826,-0.3257551312299554,0.46960775327153037,-0.7185211637378446,0.0,0,0,0,0,0,0,1,0,0,0,0,0,Tidak Likuid,0
UNIQ,1.067501995938883,1.0431839514393866,-1.0434919816369503,0.2666973206718054,0.49839510687738664,1.0961286479536088,2.5241595559162917,-0.6213854661341025,0.2356848033160188,0.9662126151121369,-0.6205406482687298,-0.3218574510640886,-0.3257551312299554,-0.6122935512958542,-0.8594169516764868,0.0,0,0,0,1,0,0,0,0,0,0,0,0,Likuid,2
DGIK,0.27289456264517953,0.09806255266799874,-0.6294006906780729,-0.3788540026893044,-0.6588837343194084,0.5981463148143807,0.6074388667163814,-0.5894089459653551,-0.8517673829787706,-0.23357269793275967,0.47265486923922817,-0.22237850647641313,-0.3257551312299554,0.3694317065523281,0.2612500403626625,0.0,0,0,0,0,0,0,0,1,0,0,0,0,Tidak Likuid,0
EKAD,-0.11133010747702358,-0.4347682661000489,-0.6515802591416822,-0.1413245142306163,-0.08093161878795709,-0.17260802695612362,-0.7520680529930925,-0.41419856470170396,-1.2993260555528048,-0.8208647827145803,0.7344193764929379,-0.04147059356811529,-0.3257551312299554,0.1290091944262427,1.7319513787139569,0.0,1,0,0,0,0,0,0,0,0,0,0,0,Tidak Likuid,0
KRYA,-0.06292420475664656,0.613183974870854,3.632170502501742,-1.152561709053466,-0.8961463272541347,0.237905450882676,0.4690430089958528,-0.3359040336835982,1.4934318179368604,0.929430264015285,-0.9716011475999959,-1.6512665478408923,-0.1426064680240726,0.229185241145445,-0.9764045581362488,0.0,0,0,0,0,0,0,0,1,0,0,0,0,Menengah,1
ECII,0.20648706003084785,0.24631426012479976,0.24378689151798272,-0.5876348589881121,-0.05547125658050793,0.24842602576899508,0.653418309539286,-0.10494589509674447,1.5235760849163622,1.8003208337420955,-0.8252608125604152,0.8815872714798743,-0.3257551312299554,-0.7725752260465779,-0.20832521334388238,0.0,0,1,0,0,0,0,0,0,0,0,0,0,Tidak Likuid,0
MEJA,1.0483088683904145,0.959344482279906,-1.0910413879419305,-0.43049700441497585,-0.07887182579194324,1.250985810431502,3.068313807570834,-0.5718975080324188,0.8744382152846975,0.30560246064998325,-2.5803214479518948,-0.5310823557243479,0.7731368480053417,-0.29173020179440695,-1.108015615403481,0.0,0,1,0,0,0,0,0,0,0,0,0,0,Menengah,1
GJTL,0.9135162926131867,0.9251031660790284,-0.7840884259004193,0.675055750850516,0.9497407796674927,0.694643338722589,1.2259822723071687,-0.6211810830527911,-0.5702278076765515,-0.5620324425248525,0.2156932604037823,1.6838215612797391,-0.3257551312299554,-0.8927864821096206,1.7546989688589107,0.0,0,1,0,0,0,0,0,0,0,0,0,0,Menengah,1
MCAS,0.13385385759026253,0.10253191970005142,0.06749431522208697,0.03813763850248636,0.9962333734580227,-0.31597043060045793,-0.4263168615271749,-0.3180087421609721,0.265737545730434,0.8065070548367886,-0.12790276739257034,0.9902008578581372,-0.3257551312299554,-0.8527160634219397,-0.5755363113981354,0.0,0,0,0,0,0,0,0,0,0,1,0,0,Tidak Likuid,0
TCID,-0.4929879039102688,-0.468815356592854,1.287613174782532,-0.03138487806444392,1.379284291364881,-1.275690500924432,-1.083123891150064,1.3140220948423715,-0.006496595739063932,0.13164984571472002,-0.11407413760170639,-0.3247011626386791,-0.07392571932186652,-0.5722231326081734,1.4666401997784249,0.0,0,0,1,0,0,0,0,0,0,0,0,0,Tidak Likuid,0
CASS,0.21482283075144884,0.052910294268233536,-0.5167788642993205,0.643881836577046,1.2241297115624354,-0.29800042421329487,-0.7433925731627247,-0.5289754135355679,-0.19070168037442928,0.18450313743637184,1.4009406344484905,-0.0020563133069675587,-0.3257551312299554,-1.0530681568603442,-0.07462509167558286,0.0,0,0,0,0,0,0,0,1,0,0,0,0,Tidak Likuid,0
EAST,-0.02466806943630653,-0.24287556742178698,-0.40759130358278395,-0.3830470646167708,-0.48550430821326956,0.09642093236174926,-0.4054271640232136,-0.5236464876221498,-1.1245877498141326,-0.7154456822296467,0.7706759520790682,-0.565335766118669,-0.3257551312299554,0.2892908691769662,-0.7182890454710594,0.0,0,1,0,0,0,0,0,0,0,0,0,0,Tidak Likuid,0
HDIT,-0.41062106392912295,-0.7060116338926606,-0.17370905291085914,-1.736310018154971,-1.5580701922674425,0.09327577730205328,0.15164040201281273,1.005508900036433,0.954019162359859,-0.3726308575978549,-1.2244951505485997,-0.047405725458646714,-0.3257551312299554,0.48964296261537105,-0.7189854002714152,0.0,0,0,0,0,0,0,0,0,0,1,0,0,Menengah,1
BSDE,1.036051929672607,1.0700946347909035,-0.8511850877329454,1.4521758531929396,0.8268252556617752,0.9025266741083771,0.49667140251278286,-0.6217607559055226,-0.6648761168199308,-0.4956603529685718,-0.36643925994712895,1.1976048829842258,-0.3257551312299554,-0.7926104353904183,0.22178993500917132,0.0,0,0,0,0,0,0,0,0,1,0,0,0,Likuid,2
GOOD,-0.01961491966644052,-0.38841248523064514,-0.890278549102984,1.2837596548361005,0.2748275643549543,-0.21130828939057494,-1.1009570358676464,-0.501830548853506,-1.2093874234121287,-0.747780205911133,0.6970465270279245,-0.4326721591445693,-0.3257551312299554,-0.17151894573136414,-0.6551528769054735,0.0,0,0,1,0,0,0,0,0,0,0,0,0,Tidak Likuid,0
PANS,0.1207512406916432,-0.11260967432444255,-0.6371975791566169,0.07654758216830183,1.1590759776271016,-0.3963014443899301,-0.4840258646756909,-0.5574483223871216,-1.3978738820673378,-1.1575383153385954,1.1663812725372742,-0.3006726859443983,-0.3257551312299554,-0.5521879232643329,0.9014322201563606,0.0,0,0,0,0,1,0,0,0,0,0,0,0,Tidak Likuid,0
PSSI,0.08434634700250886,-0.15403577636667418,-0.6101596534427692,0.38486823338717185,0.31394526330628,-0.08341023585646357,-0.7795538076098628,-0.5436873089315281,-1.22979815333142,-0.9324659928981527,0.6492253540565629,-0.21983685268309786,-0.3257551312299554,-0.4319766672012902,-0.5834283324688337,0.0,0,0,0,1,0,0,0,0,0,0,0,0,Tidak Likuid,0
PKPK,0.15220243251785529,0.14767235476350485,0.14636809281699972,-0.051122103230746146,0.6854031784928052,-0.14136358142533784,-0.24684699632255072,-0.3631854973213031,0.5119784231368821,0.1708734297119312,0.04594286426400285,-0.8622624986333484,-0.1426064680240726,-0.4920822952328115,0.2986210813150865,0.0,0,0,0,1,0,0,0,0,0,0,0,0,Menengah,1
EPAC,-0.45866769890338194,-0.8935348280502259,-0.5980630502247742,-1.646457143394521,-1.8927598657682936,0.143767372760623,-0.19457963616514656,1.7723739924023085,1.4098506145808032,0.2640970310355737,-0.40921660770957075,0.6460650389643957,-0.3257551312299554,1.3711921737443509,-0.8013873849801763,0.0,1,0,0,0,0,0,0,0,0,0,0,0,Tidak Likuid,0
RGAS,0.626896544053885,0.49259250966572277,-0.9012854321647474,-0.9027759220451527,-0.5053975871023203,0.9598808772108103,2.711663703056769,-0.6096044896335615,-0.12596016679759095,0.3902590210202427,0.929417015409892,-1.1465260282756313,-0.3257551312299554,-0.4920822952328115,-1.0857322617920977,0.0,0,0,0,1,0,0,0,0,0,0,0,0,Menengah,1
CPIN,1.1405322327121166,1.1806650950870814,-0.9430398384351749,2.1225119275826363,1.8296740740381419,0.6205122111821534,-0.05023841069844842,-0.6221155757716291,-0.6881411341824794,-0.7732330668599339,0.7979221334090227,0.8637111615953686,-0.3257551312299554,-1.0330329475165039,1.6818138330883445,0.0,0,0,1,0,0,0,0,0,0,0,0,0,Likuid,2
MEDS,-1.1429331005625163,-1.4564725585722935,0.8510078613611421,-1.229246651765837,-0.9534193421196354,-1.1174515644837584,-1.112775962572129,-0.6226261738919607,-2.3868281524080426,-1.961306506314271,2.17950288914013,-1.2817750407614068,-0.234180799627014,3.2745370614091946,-0.9801184504048126,0.0,0,0,0,0,0,1,0,0,0,0,0,0,Menengah,1
JSPT,-0.03928894063444681,0.011348123136959619,0.666111726843808,1.235941895820573,1.9074302902442506,-0.8887799209689525,-1.095418709816464,0.5937632469155762,2.316984944508559,1.245933777187329,-2.4305932097875047,1.344403860057444,1.0020726770126953,0.08893877573856164,1.103375112259521,0.0,0,1,0,0,0,0,0,0,0,0,0,0,Tidak Likuid,0
RMKE,0.41682053327133967,0.26915741089978384,-0.7111696269708878,-0.37522383125734565,-0.5112021324339757,0.6876491312371709,1.034114270027616,-0.6077571185653073,-1.0484281427994435,-0.6674297625929915,1.0879459823451094,-0.1303011058215969,-0.3257551312299554,0.06890356639472124,-0.9230173567756431,0.0,0,0,0,1,0,0,0,0,0,0,0,0,Likuid,2
YELO,-0.35949523276265555,-0.6865440561500188,-0.3564462894595833,-1.626396099827169,-1.5580701922674425,0.16471200478443151,0.18442785399199965,0.757753253693438,0.7635020977914166,-0.26389525347758686,0.04594286426400285,-0.9944822979100763,-0.3257551312299554,0.6499246373660945,-0.6595631239743932,0.0,0,1,0,0,0,0,0,0,0,0,0,0,Menengah,1
SONA,0.05937275808466314,0.14948633117066137,0.6793892295423584,0.4461648481094184,1.6769041156043856,-0.6557250545762366,-0.8139277889317948,-0.2699273478558989,2.316984944508559,2.322287881473173,-1.7694843489820793,-0.9585719188132698,0.3381587728913699,-0.5521879232643329,1.5678437640967908,0.0,0,1,0,0,0,0,0,0,0,0,0,0,Tidak Likuid,0
PGJO,-0.09259003326319112,-0.5058585084853736,-0.9395464941619579,-1.2396028343824204,-0.5410800066563948,0.050932699132742794,0.49730243336222024,1.225186271567032,0.13178282452759976,-0.571518542929748,0.8031160460245532,-0.142483901120241,0.7502432651046063,0.7300654747414564,-0.7607666882927588,0.0,0,0,0,0,0,0,0,0,0,1,0,0,Tidak Likuid,0
NEST,0.7373408518830121,0.78459965263278,-0.4609411601059364,0.19121957321884755,0.23820728327363883,0.7502210908079544,1.2642712672047984,-0.6171629019882596,0.07724372339457965,0.34457586645766486,-0.9489496302187748,0.9487351691608311,-0.3257551312299554,-0.8606087216483012,-1.1420882557848868,0.0,0,0,1,0,0,0,0,0,0,0,0,0,Menengah,1
PURA,-0.2842625939826908,-0.7123213331317895,-0.778111409232941,-1.1703063898643113,-1.70282875782725,0.28099532421443424,-0.2559394225215638,0.6620181130912741,0.940398671337432,0.22723124818823115,-1.056396481921996,-0.9673941330933763,-0.3257551312299554,0.9704879868675418,-0.7656411718952489,0.0,0,0,0,0,0,0,0,0,0,0,0,1,Tidak Likuid,0
PACK,0.17422275766618509,0.8119834524426032,3.0205150901293867,0.4976593489030524,1.225841691842987,0.1805058604445913,0.369437708602029,0.06468494302712684,1.330491392063883,0.4818161527511533,-0.36221644484273413,-0.786653936060779,0.5213074360972527,-0.29173020179440695,-1.0223639749597269,0.0,1,0,0,0,0,0,0,0,0,0,0,0,Likuid,2
MBAP,0.2633904866953899,0.03685688284723745,-0.7793165676497883,0.5488628374107642,1.4290983230559282,-0.3207446847531519,-0.5856832505016498,-0.5883588580367898,-0.5922662025828761,-0.34368547590084286,-1.2780334251454293,0.6067168724306486,-0.3257551312299554,-0.9128216914534611,-0.29467320858799245,0.0,0,0,0,1,0,0,0,0,0,0,0,0,Tidak Likuid,0
PAMG,0.19092311119355265,0.5125008923100086,1.4939117865253742,-0.8650405740809497,-0.9184169614444554,0.5354938340294203,0.8452881826448182,-0.48955818212129426,0.12402710232389766,0.18685078374274955,0.734904955630252,0.22310583142183565,-0.3257551312299554,0.3493964972084877,-0.7173605724039185,0.0,0,0,0,0,0,0,0,0,1,0,0,0,Menengah,1
MTEL,0.9587931658697699,0.9669376129041872,-0.8436570525744387,1.9275185246470459,0.586997731585133,0.9110934889098993,-0.3269010428273492,-0.6212369480937999,-0.7005633992364312,-0.5341720654663334,0.5841606340429732,0.7070826883495345,-0.3257551312299554,-0.512117504576652,-0.9195355827738645,0.0,0,0,0,0,0,0,0,1,0,0,0,0,Likuid,2
WMPP,-3.6711332822442735,-5.467736899185445,-0.26705484360679566,-0.4982146881373141,-1.7904601294408111,-3.3356983446828483,-1.1407127521560876,-0.4882839576263857,-2.3868281524080426,-1.961306506314271,2.17950288914013,-1.2817750407614068,5.077130433343588,3.2745370614091946,-0.9227852385088579,0.0,0,0,1,0,0,0,0,0,0,0,0,0,Tidak Likuid,0
BSBK,0.5804105828284393,1.0105431266090896,1.3338229127690053,0.1163856680218807,-0.9534193421196354,1.0780237738897531,0.8640546180326792,-0.6202284323350159,-0.6323818296373215,-0.5063235419652915,0.28175739332925903,-0.41950355978031745,-0.3257551312299554,1.4713682204635534,-1.0010090944154844,0.0,0,0,0,0,0,0,0,0,1,0,0,0,Menengah,1
PIPA,0.05167083799862648,0.1536968204628318,0.7428713803940831,-1.4011239135268072,-1.6261819847301953,0.7081186143244576,1.2789446156707676,0.11610213787040977,1.7539125622343057,0.22318763863312355,-0.13185380447567435,0.5627725162197249,-0.3257551312299554,-0.15148373638752374,-1.0365231892336264,0.0,0,0,0,0,0,0,1,0,0,0,0,0,Likuid,2
APLN,0.5413111895485244,0.520308183475669,-0.44720015052483725,0.3789170674826169,-0.5660783734081231,0.8642348909132213,0.34665461969554345,-0.6097899537058318,-0.2955806792402645,-0.0203455779152001,-0.15195255833320287,1.2464388205606654,-0.3257551312299554,-0.6323287606396948,0.015668914103876382,0.0,0,0,0,0,0,0,0,0,1,0,0,0,Menengah,1
WOMF,-0.2241337765089637,-0.517706006059713,-0.4139036392584115,0.10775204635914569,0.2347669655312105,-0.45053532909726934,-0.986169539603662,-0.24545774342791968,-1.3174828000239946,-0.9015898142677299,1.403461885273269,-0.565201779842221,-0.3257551312299554,-0.031272480324481045,0.5168122520932142,0.0,0,0,0,0,1,0,0,0,0,0,0,0,Tidak Likuid,0
IRRA,0.3456245862703513,0.20846065564919092,-0.5943159727327526,-0.1862125233600548,0.3391861067776726,0.2312135399742692,0.47818642627093355,-0.6049766360383214,-0.5115506221285724,-0.39765720495174206,0.5467256323670033,-0.37778034539597927,-0.3257551312299554,-0.6323287606396948,-0.7410366356160131,0.0,0,0,0,0,0,1,0,0,0,0,0,0,Tidak Likuid,0
WINE,-0.04380299693033816,-0.15417987842810668,0.014804479072233184,-0.14138212858813465,0.07392913856302344,-0.1670146694653044,-0.6598177363975792,-0.3265187448723297,0.31070168488339445,1.0674983414738242,-0.8219110202508271,-0.5869001634631712,-0.3257551312299554,-0.6323287606396948,-1.0156325452229547,0.0,0,0,1,0,0,0,0,0,0,0,0,0,Tidak Likuid,0
DYAN,0.19520041061698462,0.018711836238441058,-0.5412579537073068,-0.44084647167767815,-0.5789709537606208,0.4285395048437723,0.33087187832905496,-0.5408122790011887,-0.3466889282557721,0.11878126709138147,-0.039399536731042226,0.7669493122218727,-0.3257551312299554,-0.27169499245056644,-0.18511338666535815,0.0,0,0,0,0,0,0,1,0,0,0,0,0,Tidak Likuid,0
BMRI,1.5663872500247509,1.799436429865299,-0.9572295804804495,2.568010533876095,1.9321994369057183,1.4453842495550688,0.9558264293453287,-0.6226261738919607,-0.6057340307074452,-0.6875875746158127,-0.08407542450026026,1.9450077047179686,-0.3257551312299554,-1.0330329475165039,0.6370495142879695,0.0,0,0,0,0,1,0,0,0,0,0,0,0,Likuid,2
BCIC,-0.4337102223801644,0.13587612067516072,3.7797155933388824,0.5465444462907283,-0.21254490704632198,-0.3791791680948266,-1.0981736247363012,-0.4858315235679561,-0.11331715646789631,-0.4778809612669704,0.18049169466159662,-1.0523314867926066,2.3070069023546105,1.150804870962106,1.150030883883355,0.0,0,0,0,0,1,0,0,0,0,0,0,0,Tidak Likuid,0
GSMF,-0.45779680489264424,-0.5949619412448254,0.5239403973103093,-0.13027213600232562,-0.9184169614444554,-0.25614380292529415,-1.0565170686017555,0.9752785193763964,-0.5537361496349842,-0.12277756941271303,1.0527165010024253,-0.349987406638855,-0.3257551312299554,0.8703119401483395,1.8004262674156035,0.0,0,0,0,0,1,0,0,0,0,0,0,0,Menengah,1
PTMR,0.2887532662998311,0.3878678846330028,0.36176354893290685,-0.6621446886110862,-0.366443566874168,0.4393603791228969,0.9339206839991154,-0.602780375168749,0.30836543254808313,-0.654967056225185,1.5631411041759153,-1.6512665478408923,0.4174989676002675,0.7928212627390941,-1.1420882557848868,0.0,1,0,0,0,0,0,0,0,0,0,0,0,Tidak Likuid,0
LAJU,-0.7239358128819797,-0.13529315022674063,4.379275210674794,-1.0745548548616763,-0.9534193421196354,-0.5830621273459753,-0.9907568312601547,-0.6220187216796825,-0.7837121065834847,-1.7189434403299486,0.8993668742144535,-1.4180464281801521,-0.3257551312299554,3.1142553866584706,-1.0195785557583037,0.0,0,0,0,0,0,0,0,0,0,0,0,1,Menengah,1
ATIC,-0.09509000798831348,-0.2809266916795555,-0.19878030401898936,-0.03194985945619785,0.30785192997233113,-0.32710815889458833,-0.8069417084674801,-0.4107209104806347,-0.022335590155816962,0.06009670278455644,-0.2546661899872004,-0.5947291997262344,-0.3257551312299554,-0.5321527139204925,-0.3789321394310353,0.0,0,0,0,0,0,0,0,0,0,1,0,0,Tidak Likuid,0
BIMA,-0.1693354704897635,-0.09320720825302684,0.9859068382269474,-1.429400741344378,-0.6334401658414096,0.0034502982835646757,0.5354651598003274,1.5795430829815669,0.20876260168133637,1.2279975137281434,-1.7763272553433118,0.35557498684857597,-0.3257551312299554,-0.11141331769984293,1.3891126986721543,0.0,0,1,0,0,0,0,0,0,0,0,0,0,Tidak Likuid,0
BRIS,1.37473658934459,1.515712881994677,-0.902574969352983,2.354229466241645,1.4953089911465058,1.062911422042664,0.3963457587401336,-0.622502779107094,-0.3680865514597929,-0.3766460808217642,0.28360524678185006,1.562119416093933,-0.3257551312299554,-0.9729273194849823,-0.6194066638205463,0.0,0,0,0,0,1,0,0,0,0,0,0,0,Likuid,2
AEGS,-0.24785449558941894,-0.3812054276954826,0.22099772880526025,-1.65893271488295,-1.2199972231577336,0.15043148985106017,0.5833309425794486,0.06830083168049844,0.42275808327111797,1.1079623150415836,-0.19789256715041137,0.37792882268611,-0.3257551312299554,0.48964296261537105,-1.0722694023185537,0.0,0,1,0,0,0,0,0,0,0,0,0,0,Tidak Likuid,0
TYRE,-0.17549562643324004,-0.4268057073623768,-0.3284811195773751,-0.37827381863286247,-0.37572215267839065,-0.1333011197853115,-0.7012637529335802,-0.3623686604394364,-1.2926442477559605,-0.21245691490564406,1.0773990352306073,-0.9546925661473944,-0.3257551312299554,-0.011237270980640644,-1.0430225007036134,0.0,0,1,0,0,0,0,0,0,0,0,0,0,Tidak Likuid,0
MITI,-0.0391104871677042,-0.02872711293050092,0.4952790133024931,-0.27507071537700434,-0.25710091280612324,-0.010061214551460852,-0.5242431704965332,-0.3681635924429481,0.4365467636629939,0.5719100728272697,0.698298390194714,-0.5232861752689604,-0.3257551312299554,-0.6523639699835352,1.1451564002808647,0.0,0,0,0,0,0,0,0,0,0,0,0,1,Menengah,1
DWGL,-0.11861704506655679,-0.030576860900377905,0.9559225457944035,0.34207784750036163,-0.06665649808941407,-0.12509159813160187,-0.9406836082174136,0.5682947856574537,1.8050712658880812,1.476061095611789,-0.8846956989676791,-0.5579589924575709,0.3381587728913699,-0.17151894573136414,-0.5852852786031156,0.0,0,0,0,1,0,0,0,0,0,0,0,0,Tidak Likuid,0
SRSN,-0.27005831516641765,-0.38858299315763045,0.3142370465302782,-0.5754927302720493,-0.9534193421196354,-0.004148494759548794,-0.7168217210964262,-0.527391280913713,-1.3197128525033324,-1.2519017790490625,1.6752068832603177,-1.046821478589397,-0.27996796542848473,2.1124949194664477,1.5274551856761585,0.0,1,0,0,0,0,0,0,0,0,0,0,0,Menengah,1
UVCR,0.09994151845061583,0.013236559860368573,-0.09726988244273979,-0.9534486135742511,-0.7594988067301722,0.3957109220493402,0.7743782989539412,-0.47776201222705483,0.5998115347975844,0.7243012884251248,-0.06581504180093703,0.7953273956035047,-0.3257551312299554,0.008797938363200024,-0.8921456272932058,0.0,0,0,0,0,0,0,0,0,0,1,0,0,Menengah,1
LPLI,-0.21491366443718696,-0.3514312065399334,0.1597642965007031,-0.5518953127871078,0.06942636130877425,-0.3661072048388416,-0.6356203725336822,1.0875842701371745,0.1516213725723883,0.4014338870769895,0.6088942443216796,0.6778408782898481,-0.3257551312299554,-0.7926104353904183,1.8004262674156035,0.0,0,0,0,0,0,0,0,0,1,0,0,0,Tidak Likuid,0
SKLT,-0.12977819203767352,-0.1767653509342313,0.39563215212195496,0.12266844908303835,-0.16435573320759947,-0.1581214028182118,-0.9097555159630712,-0.32727811318716404,0.8247571874168065,0.7389195063993549,-0.009062980127334676,-0.5134547017098695,-0.3257551312299554,-0.6924343886712161,1.4717468016477004,0.0,0,0,1,0,0,0,0,0,0,0,0,0,Tidak Likuid,0
TOTL,0.5829186759751618,0.5150897698800834,-0.6527503496036413,0.4032909058080062,0.6200560631751949,0.41779022885963363,0.45633194380418507,-0.6123292375129205,-0.3080188439434175,-0.20262365750640368,0.04080175577032544,1.0818904983341582,-0.3257551312299554,-0.7124695980150565,0.3800945929567065,0.0,0,0,0,0,0,0,0,1,0,0,0,0,Menengah,1
PGUN,-0.8159026993867945,-0.48190384161634564,3.3179484852236603,0.4715756441923058,0.38809035528620733,-1.2473085057944981,-1.1360532898053328,1.343413635729828,1.1035265990667855,-0.13910153396311226,-0.21008433872113236,0.15552932221976148,1.0707534257149012,0.7701358934291372,-0.8027800945808875,0.0,0,0,1,0,0,0,0,0,0,0,0,0,Tidak Likuid,0
IPCM,0.15930874224976718,-0.14819912739819785,-0.903542994263723,0.17876150464586565,0.06942636130877425,0.10443084949217928,-0.504917405216365,-0.5860222753579739,-1.4869858517949273,-1.1936469719083118,1.5508138684766308,-0.42990972672420236,-0.3257551312299554,0.3694317065523281,-0.5873743430041828,0.0,0,0,0,0,0,0,0,1,0,0,0,0,Tidak Likuid,0
RAAM,0.41323171375622875,0.4397173017652911,-0.10602852923374681,0.36887601781462404,0.15373452574226196,0.3632023455775036,-0.1216467757457913,-0.5738952727689456,0.3593757923946399,0.822894124942015,-1.2908605049223831,0.45050094081504094,-0.3257551312299554,-0.952892110141142,-1.0430225007036134,0.0,0,1,0,0,0,0,0,0,0,0,0,0,Menengah,1
ENAK,0.14855711114705022,0.01978638265258634,-0.31759092424449953,0.215208516511255,0.6600948269470558,-0.15562804927119733,-0.5557727368506656,0.05903023430432761,0.6990946257325488,0.6658807059808126,-0.7634076052664713,-0.5639899470024007,-0.3257551312299554,-0.3318006204820879,-0.9376408075831133,0.0,0,1,0,0,0,0,0,0,0,0,0,0,Tidak Likuid,0
UDNG,-0.2929207300456041,-0.09502627857933263,1.7467939768047185,-1.1460634101715421,-0.9184169614444554,-0.08449529840433417,-0.3288011350604234,-0.02362476799451873,0.892779961601583,0.1426739462699189,-0.0582037945774081,-1.2129651904360852,0.22369085838769312,0.3493964972084877,-1.0838753156578158,0.0,0,0,1,0,0,0,0,0,0,0,0,0,Menengah,1
SHIP,-0.16087794818523937,-0.026482608930341038,1.2323297513986595,0.5817985607574757,0.9836688180539344,-0.7312841069865044,-1.0705982426638931,0.6981736110093706,0.5801685736901862,1.2638767832812932,-0.30990177592735113,-0.0705558476235012,-0.16550005092480793,-0.512117504576652,-0.4587808232051587,0.0,0,0,0,1,0,0,0,0,0,0,0,0,Tidak Likuid,0
SMKM,0.11801958290734582,0.00013540609670463353,-0.23771117182598756,-1.1662799755138364,-0.7422476674262892,0.41927014319870254,1.190035919429398,-0.35098263038531935,0.4157429285188409,0.5976062271259505,-0.933753065526055,-0.6081160040459392,-0.3257551312299554,-0.05130768966832145,-0.9443722373198853,0.0,0,0,0,0,0,0,0,1,0,0,0,0,Menengah,1
BPTR,-0.24684472335628546,-0.3753311697998615,0.23908565637252452,-0.5880168484980837,-0.6478496529579382,-0.08520724463299445,-0.6405721785753463,0.271772502675459,-0.4982480968302823,0.7951151518427273,0.03749312159122617,0.22602626603870857,-0.3257551312299554,0.08893877573856164,-0.6335658780944461,0.0,0,0,0,0,0,0,0,0,0,0,0,1,Tidak Likuid,0
IBST,-3.6711332822442735,-1.5295129831289616,-0.26705484360679566,0.9536526835504464,1.8816169035930614,-3.3356983446828483,-1.1407127521560876,1.7888624123565928,-0.546609368014204,-1.7779397000181045,0.9978922477209283,-1.1108577241757076,3.0167079722774064,2.1726005474979693,-0.13729702370759822,0.0,0,0,0,0,0,0,0,1,0,0,0,0,Tidak Likuid,0
INCO,1.2482167416642411,1.3500023641997925,-0.8813847795097339,1.765461406245971,1.6492810464256908,0.8458563249806581,0.8383770753804757,-0.6222117904296975,-0.056212797957821456,-0.29945784614222054,-1.0479915484906654,1.7134981332444723,-0.3257551312299554,-1.1532442035795465,1.7528420227246289,0.0,1,0,0,0,0,0,0,0,0,0,0,0,Likuid,2
SPMA,-0.07804406613851439,-0.3974951732114277,-0.6778065836385614,-0.28943413517760086,-0.20475431776440847,-0.07850402167397186,-0.5866342993861908,-0.3912444111526495,-1.1901911707373845,-0.6788877804193648,0.7680708927177949,-0.6508745592072324,-0.3257551312299554,-0.4920822952328115,1.3710074738629054,0.0,1,0,0,0,0,0,0,0,0,0,0,0,Tidak Likuid,0
BIPI,1.039974357215927,1.0123818068278423,-1.025557575015318,0.7897332702737849,-0.6777275271803577,1.5475935124550024,1.53945260493081,-0.6202979892376114,0.1583169497310473,0.43061319023150046,0.7002346052260151,0.2743849137780561,0.13211652678475164,-0.3318006204820879,0.0790372009362474,0.0,0,0,0,1,0,0,0,0,0,0,0,0,Likuid,2
SIMP,0.5663649378713665,0.5900195440160662,-0.3233825957134026,0.8871896752411156,0.3047823749362303,0.5320137820175213,-0.2149748486769317,-0.6151964196789871,-0.701095933214646,-0.7059670004812024,1.1616577396579406,0.5186337159404298,-0.3257551312299554,-0.5722231326081734,-0.03307592192102448,0.0,0,0,1,0,0,0,0,0,0,0,0,0,Likuid,2
OMED,0.2831046198556336,0.13505044628072937,-0.5544295159099223,0.7629324836901572,-0.19142643678480697,0.3767484999304436,-0.7241708059858322,-0.5815779960251938,-1.3398131108751103,-0.8679721418472355,1.0641815639667893,-0.563799937558647,-0.3257551312299554,-0.25165978310672604,-1.0010090944154844,0.0,0,0,0,0,0,1,0,0,0,0,0,0,Menengah,1
MKAP,0.2128169339705708,0.46437097226819807,1.1395950178144847,-0.02898372182027681,0.1045542672375481,0.18845914526561075,-0.08614123404070201,-0.5563918019081294,0.04755668931207286,-0.31585687860475326,-0.44144837077650667,0.18374586421813444,-0.3257551312299554,-0.4119414578574496,-1.108015615403481,0.0,0,0,0,1,0,0,0,0,0,0,0,0,Tidak Likuid,0
RCCC,0.40195829433344415,0.34316999576207247,-0.40022984029967057,-0.9207023531373736,-0.1528784906055758,0.573885792202314,2.0137231150577617,-0.4242869938483855,0.5255181957038365,0.5196515341715314,-2.4765546602288864,-1.554271582687612,-0.3028615483292201,-0.992962528828823,-0.9782615042705307,0.0,0,0,0,0,0,0,0,0,0,0,0,1,Tidak Likuid,0
IATA,0.2013630358864276,-0.013914220059172885,-0.6741728319002676,0.09941857704921835,-0.97791760680395,0.6173145929060658,-0.2983668098118306,-0.5524513222129322,-0.015336520827553206,-1.1607342895466752,-0.09396271113771032,-0.17798867459800005,-0.3257551312299554,0.5697837999907327,0.3684886796174444,0.0,0,0,0,1,0,0,0,0,0,0,0,0,Likuid,2
COCO,0.051622730273890936,0.32637374866991736,1.51473741270596,-1.2065669911802053,-0.5855204808721283,0.27389685476528774,1.0224946860889228,-0.5014165681821176,1.9338567112103298,0.9805106042139877,-0.2750351925757684,0.4376832606407916,0.06343577808254561,0.08893877573856164,-0.6925239178578975,0.0,0,0,1,0,0,0,0,0,0,0,0,0,Likuid,2
POLU,-0.13781437075550002,-0.09463718974850699,0.7905662727952479,0.20539494269621766,1.2967902209870792,-0.6023520540030913,-0.7909687581380461,-0.14913676456678734,2.316984944508559,2.1475506852995667,-0.7027528729249044,-1.3131443771233868,1.7117737469354912,0.5497485906468922,-0.7152715080028512,0.0,0,1,0,0,0,0,0,0,0,0,0,0,Tidak Likuid,0
DPNS,-0.2529435673412777,-0.5870508988548113,-0.5158552783312176,-1.1445222352109896,0.0937916888499394,-0.4216816589216039,-0.136850432141731,0.2526370199039882,-0.5682505545661857,-0.2196796380490903,-0.5026868564184296,0.40035320097208654,-0.3257551312299554,-0.3718710391697687,1.7333440883146685,0.0,1,0,0,0,0,0,0,0,0,0,0,0,Tidak Likuid,0
RICY,-0.2986069406710697,-0.19859311720899345,1.3065165153883218,-1.515113509472203,-0.7727637646846058,-0.0794430312638019,0.2783824991848428,0.9893800641941307,-0.02189818859764168,0.43622583313712177,-1.556404256459292,-1.1663261638875826,-0.3257551312299554,0.46960775327153037,1.1010539295916688,0.0,0,1,0,0,0,0,0,0,0,0,0,0,Tidak Likuid,0
MHKI,0.15176972501544278,0.1798889785382453,0.2780555033155171,-0.40120795380409185,-0.4501913138121742,0.3375122118043192,0.18340995763981124,-0.5290908564062883,0.039491252473330844,0.6121541570061586,0.03711434002313626,-0.12110602332867654,-0.3257551312299554,-0.6122935512958542,-1.1228711844777366,0.0,0,0,0,0,0,0,1,0,0,0,0,0,Menengah,1
KIJA,1.1817661072377632,1.1579012187751232,-1.0910413879419305,0.6522564342419902,-0.1710120481731599,1.5166234768621902,2.320152524706373,-0.6222213839356407,-1.1494761070249373,-0.31039860775107875,1.0102283264874288,-0.023677456482368252,-0.3257551312299554,-0.4920822952328115,1.3582409691897168,0.0,0,0,0,0,0,0,0,0,1,0,0,0,Likuid,2
AMMS,-0.1352331756813613,-0.24320256952232633,0.15646045475148035,-1.4901838660848175,-1.1176974868302512,0.29103144065541703,0.8503544929688894,0.3102588796290481,1.1428287869638214,1.7291491088319098,-0.039399536731042226,-0.34106771952662385,-0.09681930222260189,-0.3518358298259283,-0.9787257408041011,0.0,0,0,1,0,0,0,0,0,0,0,0,0,Tidak Likuid,0
SBAT,-3.6711332822442735,-5.467736899185445,-0.26705484360679566,-1.8822762912134383,-2.0156455723693787,-3.3356983446828483,-1.1407127521560876,-0.4882839576263857,-2.3868281524080426,-1.961306506314271,2.17950288914013,-1.2817750407614068,5.077130433343588,3.2745370614091946,-0.7818894505702157,0.0,0,1,0,0,0,0,0,0,0,0,0,0,Tidak Likuid,0
IRSX,-0.011588171617852333,-0.2293743719014958,-0.42283886792700626,-0.9823950846744441,-1.3428829297588185,0.5521578225735353,0.5536582176107663,-0.13311711269984317,1.4604680338418508,-0.24947190829239507,-0.7201991446687879,1.3821383890108505,-0.3257551312299554,-0.3518358298259283,-1.0221318566929414,0.0,0,0,0,0,0,0,0,0,0,1,0,0,Likuid,2
INDO,0.24521717288986725,0.21643128682978202,-0.08080418240274707,-0.2587927435627938,-0.366443566874168,0.4017270620064183,0.24455320175961728,-0.5677766616238509,0.31133757112268307,0.6215233083658446,0.8571918504669023,0.3113510745214464,-0.3257551312299554,-0.3919062485136092,-0.761927279626685,0.0,0,0,0,0,0,0,0,0,1,0,0,0,Menengah,1
AMMN,1.5436146764762673,1.7155668235775128,-0.9887947591141183,2.568010533876095,2.1741337168526234,0.9952414416085692,-0.06815488321099412,-0.622548885523573,0.043255440828459196,0.0055901095629673474,-1.2187741454398795,2.0467484076598543,-0.3257551312299554,-1.1332089942357062,-1.0569495967107279,0.0,1,0,0,0,0,0,0,0,0,0,0,0,Likuid,2
GRPM,-0.03411469485488652,-0.16926202012732286,-0.09354829853566077,-1.2156771542931013,-0.9298635554166832,0.287381387622308,0.6568371903164554,0.35302817598266406,0.5892905010824085,1.1428910127586585,-0.9824330677262898,-0.45541213082355836,-0.3028615483292201,0.18911482245776393,-1.0576459515110834,0.0,0,0,1,0,0,0,0,0,0,0,0,0,Tidak Likuid,0
AMAR,0.014436399293811901,-0.05365785335109349,0.09594393217531773,0.5908611018385348,-0.16601304124896965,0.03535033587814227,-0.9498295627729981,-0.517332383032779,-0.3412033251864059,-0.47159380726791766,0.4277378160839415,0.32826823115171044,-0.3257551312299554,-0.21158936441904522,-0.7609988065595441,0.0,0,0,0,0,1,0,0,0,0,0,0,0,Tidak Likuid,0
GOLD,-0.4398603319887415,-0.5811929647001252,0.47872105216743643,-0.5095544332634042,0.06942636130877425,-0.6519021338561529,-0.9523035281978645,0.7348265715936162,0.05872552853133797,0.360996713459575,0.5897404803604792,-0.47490983190965746,-0.3257551312299554,-0.7525400167027374,0.04514793398560216,0.0,0,0,0,0,0,0,0,1,0,0,0,0,Tidak Likuid,0
INDF,1.3507434296140206,1.4397993044916662,-1.0201308504666873,2.040891108985571,2.109015719835112,0.7723652881004845,0.7632228589910096,-0.6225024921952841,-0.9211178270442447,-0.8054328361838006,1.1478485600384416,-0.06444701830220335,-0.3257551312299554,-0.9729273194849823,1.4000222572110608,0.0,0,0,1,0,0,0,0,0,0,0,0,0,Likuid,2
PZZA,0.05145016874895222,0.09549375004006422,0.4964086508747967,-0.33677300340357863,-0.238140421527,0.13420568238311167,-0.16554325917710064,-0.4447834733729456,0.5741389293614829,0.690690547387007,-0.8311873681850711,-0.21952939104662855,-0.3257551312299554,-0.6122935512958542,-0.6226563195555397,0.0,0,1,0,0,0,0,0,0,0,0,0,0,Tidak Likuid,0
MAXI,-0.12748124132315217,-0.36946388447661593,-0.35813849898461697,-0.31148796089002945,-0.9071804086156048,0.1596942281333841,-0.6583805584008405,-0.30421012698697997,-1.1668019045056621,-0.6661907557611044,1.4143641215983462,-1.20494015017903,-0.3257551312299554,1.271016127025149,-1.0511466400410967,0.0,0,0,1,0,0,0,0,0,0,0,0,0,Tidak Likuid,0
ADMR,1.1726335763724798,1.267977377057984,-0.8191566016465481,1.8423030466903632,0.9166611838327705,1.0394101425343496,0.40958504273532464,-0.6220971100908963,-0.15322982258688816,-0.03686163751371721,-0.8364809906847639,1.431162597434981,-0.3257551312299554,-1.1131737848918657,-0.9292845499788447,0.0,0,0,0,1,0,0,0,0,0,0,0,0,Likuid,2
BOLT,0.44658326100629536,0.21019146590396182,-0.999119847262961,0.5046208623160466,0.9772885254184278,0.10465149705808843,-0.0854587281722531,-0.6043245754846602,-1.204670925828083,-1.0277059567802929,1.0421158542960938,-0.9795693736695772,-0.3257551312299554,-0.6323287606396948,-0.37870002116425017,0.0,0,1,0,0,0,0,0,0,0,0,0,0,Tidak Likuid,0
BOLA,-0.1890029293772273,-0.2840856119747962,0.2879855778279403,-0.2584103793956687,-0.5565839979919255,-0.06559280369212457,-0.7890321594336331,-0.08643039460713527,-0.24079878982246686,0.021025513065767103,0.49120756510771624,-0.48259305536403463,-0.3257551312299554,-0.07134289901216186,-0.7131824436017841,0.0,0,1,0,0,0,0,0,0,0,0,0,0,Tidak Likuid,0
MYTX,-3.6711332822442735,-1.9345179279278715,-0.26705484360679566,-0.6124502090705699,-1.1499351903602886,-3.3356983446828483,-1.1407127521560876,4.138872264278246,-0.8409599939829,-1.8339442241503936,0.7323926113980611,-1.265814844393561,3.7493026251009374,2.7936920371570233,1.8034438048838115,0.0,0,1,0,0,0,0,0,0,0,0,0,0,Tidak Likuid,0
FASW,-3.6711332822442735,-0.9024754469160092,-0.26705484360679566,1.2681180879654996,1.9074302902442506,-3.3356983446828483,-1.1407127521560876,1.0436532205941462,-0.49691064931336704,-1.6285543617962497,0.14611525625162955,-1.4546828734286634,3.8637705396046145,2.4931638969994165,1.3633475710589922,0.0,1,0,0,0,0,0,0,0,0,0,0,0,Tidak Likuid,0
IKAI,-0.21360143411635046,-0.5647619176358399,-0.6195952250981612,-0.9711597902516257,-1.8927598657682936,0.47309636087641327,-0.25631310352181286,0.8326415169529713,1.8836934626966646,1.3628473335269418,-1.3240272569722467,-0.13531347133450794,-0.3257551312299554,0.8102063121168183,1.154905367485845,0.0,0,0,0,0,0,0,1,0,0,0,0,0,Menengah,1
AKRA,1.156625385106867,1.2006682901121373,-0.9486172960981543,1.5751338533832016,1.014609675724996,0.981624244230482,0.7533955972933479,-0.6220237436916415,-0.17588840061355496,-0.2980451004603646,-0.27640304661511467,1.261090197670959,-0.3257551312299554,-0.9328569007973015,1.3812206776014562,0.0,0,0,0,1,0,0,0,0,0,0,0,0,Likuid,2
MOLI,-0.22421251748717572,-0.4258011405325425,-0.07973924996256605,-0.26426553295585264,-0.08382701400465963,-0.3211640546582983,-0.8432776307904014,-0.13021600845194248,-0.5200430133569274,-0.013671100445105552,0.060759253325642866,-0.43437730117009155,-0.3257551312299554,-0.5722231326081734,-0.6456360279672786,0.0,1,0,0,0,0,0,0,0,0,0,0,0,Menengah,1
BBKP,0.856576408631723,0.890206769183737,-0.6509725488896716,1.1503625773369897,-0.8746572821265374,1.405390664147115,0.34725295455699084,-0.6204632036366694,-0.03675756856012801,-0.04805021021293509,0.5387651798691928,-0.17814102293842657,-0.3257551312299554,0.46960775327153037,0.3835763669584852,0.0,0,0,0,0,1,0,0,0,0,0,0,0,Likuid,2
KBLI,0.07577027788318698,-0.20975521871099592,-0.7484510074924611,0.22286342891795238,0.2939161211775592,-0.08964876655931772,-0.6917066421889576,-0.5711768630764933,-1.2191037296281124,-0.8932742597407106,1.2299725717628265,-0.9839682208196373,-0.3257551312299554,0.4295373345838496,1.5713255380985691,0.0,0,0,0,0,0,0,1,0,0,0,0,0,Tidak Likuid,0
INPP,-0.43839466137946903,-0.25821506463771365,1.9145666210880172,1.1414724795843119,0.8251830585191064,-0.9659858043116426,-1.1335866556856957,0.8769903050866428,-0.8057295635621603,-0.2959344868387452,0.6161852709127132,-1.094440751281499,0.20079727548695775,0.30932607852080685,0.5948039897330556,0.0,0,0,0,0,0,0,0,0,1,0,0,0,Tidak Likuid,0
FIMP,-1.6496924125067658,-1.3049572526336042,4.379275210674794,-1.7095831002732258,-0.7296209325077533,-1.8673417596766753,-1.134732196981001,4.138872264278246,0.5791157892507992,-1.2978275192809134,-1.1077599640023468,-1.6512665478408923,1.872028827240639,1.3110865457128298,-0.8668447362136145,0.0,0,0,0,0,0,0,0,1,0,0,0,0,Tidak Likuid,0
FILM,1.1444924975436146,1.1461195753439155,-1.0498113576273242,1.690293388657276,1.5928133643268532,0.7140689707804238,0.5161175749879666,-0.6214272263846312,0.45280714439340164,0.611312239551402,-1.678721033645029,1.2772851721987226,-0.3257551312299554,-1.173279412923387,-0.6402973078312181,0.0,0,1,0,0,0,0,0,0,0,0,0,0,Likuid,2
AGRO,0.7281596915317888,0.7168303117852375,-0.6433565920377986,0.8271884366377332,-0.04995432784740799,0.8866501823923614,0.3541372987418247,-0.6168843334663774,-0.35802433980975007,-0.04892280623120423,-0.17037641603593762,2.3032370506474535,-0.3257551312299554,-0.7124695980150565,0.6312465576183387,0.0,0,0,0,0,1,0,0,0,0,0,0,0,Menengah,1
PANR,0.6193245997961295,0.5534703029969641,-0.6888946326538503,0.035350829856761384,0.7057227250304177,0.44757508389112716,1.1961308269464335,-0.6095629007217701,-0.4177234805240495,-0.5251152134929419,-0.039399536731042226,-1.0764879551690891,-0.3257551312299554,-0.19155415507520454,0.7911760434333706,0.0,0,1,0,0,0,0,0,0,0,0,0,0,Tidak Likuid,0
WOOD,0.5603866360498716,0.47072876083143805,-0.6953793207310152,0.3627630384660277,0.1806987848645663,0.5863003589320509,0.46985340967485845,-0.6091277122102664,0.07758977356252618,0.41500012159556393,0.547956987764268,1.088490368265368,-0.3257551312299554,-0.7926104353904183,-0.5446645819156983,0.0,0,1,0,0,0,0,0,0,0,0,0,0,Menengah,1
MDIA,-0.7995647586590225,-0.33594343178271274,3.921310636872015,-0.26717400210792874,-1.6827490917970518,-0.5155162820099332,-1.1290419955875899,1.1141178948546635,0.37199934399921664,-1.2220232028685218,-1.1719643166027858,-0.06911280998130848,2.284113319453875,1.551509057838915,-0.27378256457732064,0.0,0,1,0,0,0,0,0,0,0,0,0,0,Menengah,1
MASB,-0.8259168366831082,-0.762324749952521,2.038152545531693,0.7512475240119114,1.6094852183520576,-1.7935391215780403,-1.1384090176439445,1.0427514026265956,-0.8712746407232389,-1.1044396182822247,1.4667269702150323,-1.5218319252261836,1.505731500828873,1.0105584055552226,-0.8858784340900042,0.0,0,0,0,0,1,0,0,0,0,0,0,0,Tidak Likuid,0
RIGS,0.03953500695180567,-0.04903052196151564,-0.019556183247800854,-0.40325032138137684,0.6557731791766294,-0.25728728855486416,-0.11993798848506206,-0.3808551369603492,0.45803671075839963,0.8154094180682167,-0.28058458302138684,0.12970788999997848,-0.3257551312299554,-0.6122935512958542,1.769554537933166,0.0,0,0,0,1,0,0,0,0,0,0,0,0,Tidak Likuid,0
SMMT,-0.21567008323489095,-0.37782352728291096,0.05984563980328198,0.4359076563582483,0.7097069612548775,-0.6444225955804128,-1.0566113494472242,-0.09644310175052015,-0.3924812259838496,-0.8580421870307805,1.1738599768300957,-0.284417173111981,-0.2570743825277494,0.2492204504892854,1.1131240794645012,0.0,0,0,0,1,0,0,0,0,0,0,0,0,Tidak Likuid,0
KEJU,0.20374050612264488,0.17100018779161674,-0.03764146691043567,-0.06104790291717523,0.5364430530716948,-0.002417573341709632,-0.06772000369575439,-0.5018909735665562,1.278566193011173,0.9906796225691915,-0.943742122065091,1.0647863239555784,-0.3257551312299554,-0.7926104353904183,-0.7505534845542081,0.0,0,0,1,0,0,0,0,0,0,0,0,0,Tidak Likuid,0
MDKI,-0.18902508502037293,-0.5704854374362012,-0.74326240480142,-0.40533301218042767,-0.21613655926314337,-0.2044181478278674,-0.6869652946691953,-0.3876090370036556,-1.6006581540000062,-1.0166232287728068,0.9039306389735469,-0.5479289187423894,-0.3257551312299554,0.20915003180160457,-0.5669479355270816,0.0,1,0,0,0,0,0,0,0,0,0,0,0,Tidak Likuid,0
PRDA,0.596276871355999,0.5050774639526777,-0.7410842761452604,0.46899818196389625,1.4931030271345216,0.06499417443963018,0.4013307920813846,-0.6141776628520996,-1.1878754801352547,-0.8091563476060802,0.4459853689282767,-0.1273664268250075,-0.3257551312299554,-0.6323287606396948,-0.4991694016257908,0.0,0,0,0,0,0,1,0,0,0,0,0,0,Menengah,1
SICO,0.10935674946672981,0.03697101635256186,-0.056136012881618014,-1.1409519619958415,-0.5170622244977217,0.3041118252613143,1.093658259420229,-0.5268801204909762,-0.00011659722986246841,0.25644935975177474,0.5196939878979144,-0.447863904040372,-0.3257551312299554,-0.4319766672012902,-0.9513357853234427,0.0,0,0,0,1,0,0,0,0,0,0,0,0,Tidak Likuid,0
MPIX,0.08391701518147252,-0.0019250567907941937,-0.07163821013321907,-1.1172284308806557,-0.8143750477043201,0.3880023556761871,0.9336461185108473,-0.5357317964299,0.03292906405672262,0.41297017526685503,-0.13185380447567435,1.0519228308605746,-0.3257551312299554,0.2492204504892854,-1.1068550240695547,0.0,0,0,0,0,0,0,0,0,0,1,0,0,Menengah,1
JAWA,0.1228144581203115,0.24920365402334532,0.7348072955128793,0.28965921510952936,-0.47442029616177117,0.2927648557848023,-0.6609195529969902,-0.46220548201504963,1.3364043690662706,2.015044326959116,-0.30216429768947034,-0.11154025276855795,-0.2570743825277494,-0.4319766672012902,-0.030754739253172087,0.0,0,0,1,0,0,0,0,0,0,0,0,0,Tidak Likuid,0
KING,0.1989136621828152,-0.07157621426226253,-0.8391591794345302,-0.34303904736774055,-0.15450498544625765,0.25867653623448195,0.22230781312441533,-0.5248980198076061,-0.7405820385678437,-0.40440460270556655,0.8831332653295265,-0.29149537797394903,-0.3257551312299554,-0.5922583419520138,-1.0242209210940088,0.0,0,0,0,0,0,0,1,0,0,0,0,0,Tidak Likuid,0
LINK,-0.19103885448139596,-0.27258374583161843,0.34634026353148434,0.7395605272113126,1.1514020056803305,-0.7895987812603545,-1.0870617866090266,0.1747324684122675,0.7845359640085149,0.19523147501320826,-0.5327616911559375,-1.6512665478408923,-0.234180799627014,-0.4520118765451306,-0.2858527144501532,0.0,0,0,0,0,0,0,0,1,0,0,0,0,Tidak Likuid,0
NELY,0.32382323147387077,0.025791779130150738,-1.0422234525549805,0.018230588520471398,0.3620279136403121,0.20125122269041704,0.1433428467322749,-0.5882545163441235,-1.207897060238774,-0.8696021760737608,0.8632048398945192,-0.01719846851812513,-0.3257551312299554,-0.09137810835600226,-0.14681387264579313,0.0,0,0,0,0,0,0,0,0,0,0,0,1,Tidak Likuid,0
ARNA,0.5083636138883362,0.3872069612765051,-0.7335465450251066,0.7563909887402074,0.5966264668679729,0.33106526761860244,-0.23333420274680505,-0.6150450330058931,-1.1255225198732528,-0.6827736690843693,0.686010871726841,-0.07092331674918725,-0.3257551312299554,0.5697837999907327,0.8057994942408407,0.0,0,0,0,0,0,0,1,0,0,0,0,0,Menengah,1
ASHA,-0.21166727859754253,-0.5289963809316874,-0.5106268860186098,-1.318392754027567,-1.745078263882861,0.4006695890126872,0.15619929485356185,0.374823831716096,1.2813623925881326,0.11630098609064253,-0.2859442507167277,-0.4466415334662481,-0.3257551312299554,0.6899950560537756,-0.9627095803959195,0.0,0,0,1,0,0,0,0,0,0,0,0,0,Menengah,1
BVIC,0.2639400855176998,0.21016603355432517,-0.19994265007528297,0.15167455402968172,-0.6263606078303403,0.5315105863249181,-0.22267039750995865,-0.578991116401396,-0.24455224500123934,0.10327285382569582,0.4303680939714132,0.7607698115649922,-0.3257551312299554,-0.19155415507520454,0.9794239577962018,0.0,0,0,0,0,1,0,0,0,0,0,0,0,Menengah,1
PPRO,-3.6711332822442735,-0.47500799003905336,-0.26705484360679566,0.1318205239686718,-1.4682938974539304,-3.3356983446828483,-1.1407127521560876,-0.3670602201392922,-0.19201919583744556,-1.6077484053795512,-0.594125143198835,-0.8869414053376868,3.8866641225053495,2.553269525030938,-0.3673262260917732,0.0,0,0,0,0,0,0,0,0,1,0,0,0,Tidak Likuid,0
CGAS,0.26189271032075323,0.2872388271892682,0.10460023934011892,-0.8373102459808783,-0.5410800066563948,0.477690271533306,1.1001079498118562,-0.583454524389225,0.5427919400864584,0.6341542335392357,0.07691389688317256,0.03676002559134478,-0.3257551312299554,-0.09137810835600226,-1.0998914760659977,0.0,0,0,0,1,0,0,0,0,0,0,0,0,Menengah,1
SBMA,0.009413859984842838,-0.2687190493415051,-0.6490787853946535,-1.048426629229775,-0.4143097155451667,0.12662352088584952,0.5735585207572496,-0.4979310272725453,-0.8987228871663241,-0.5281483395244964,0.9878701048759818,-0.36173190166532754,-0.3257551312299554,0.008797938363200024,-0.9021267127649713,0.0,1,0,0,0,0,0,0,0,0,0,0,0,Tidak Likuid,0
HRME,-0.6233174073976072,-0.8680926411963783,0.3305867109753241,-0.7892468987715442,-1.2107884037959122,-0.3521242931581113,-1.0065953248148578,3.2088745884436953,0.14587792085724546,-0.9588946696245997,-1.192358640369984,-0.20047224889582552,-0.3028615483292201,0.7901711027729779,-0.6978626379939581,0.0,0,1,0,0,0,0,0,0,0,0,0,0,Tidak Likuid,0
PALM,0.10612302454094538,-0.10229893892548791,-0.5382337640640958,0.8845212845431161,0.29077572994902995,-0.039876167149423526,-0.9737611198911752,-0.5337393321974097,-0.41699098959364816,-0.16426008221900945,0.4317372797210561,0.015126345739536593,-0.3257551312299554,-0.3718710391697687,-0.14611751784543747,0.0,0,0,0,0,1,0,0,0,0,0,0,0,Tidak Likuid,0
NASA,-0.6211420451585955,-1.0540673339507318,-0.38945285019418624,-0.8353745457927788,-1.6261819847301953,-0.16187908308073515,-0.9901894104676333,3.697215036078832,0.5160639395186389,-0.54298920644171,0.09928186488590612,0.09278476574124347,-0.3257551312299554,1.150804870962106,-0.5555741404546046,0.0,0,0,0,0,0,0,0,0,1,0,0,0,Tidak Likuid,0
BLUE,-0.342483070050502,-0.6083586153529699,-0.15739942908073695,-0.9449610526563629,0.20290212140687,-0.5804618612093629,-0.5581638856294971,-0.04263619953135565,-1.211831387749722,-0.7288586368988156,1.458673005029438,-0.962903177886119,-0.3257551312299554,-0.27169499245056644,-0.7180569272042743,0.0,0,0,0,0,0,0,1,0,0,0,0,0,Menengah,1
NASI,0.3034792841037506,0.23903576589364006,-0.2917925350814408,-1.309476387764083,-0.6551835723215791,0.5927746302405803,2.051774452322816,-0.5622169619824504,0.4659200624456878,0.9317963562916826,-0.8462731461387407,0.6834696841834794,-0.3257551312299554,-0.4520118765451306,-0.9244100663763544,0.0,0,0,1,0,0,0,0,0,0,0,0,0,Menengah,1
LPIN,-0.1397326878488805,-0.3996813101629794,-0.4052136379086755,-0.8747207153138062,0.2812567567160545,-0.35762660508572247,-0.13719975086300434,-0.2770053280767081,-0.8792457511479042,-0.36244699427290444,1.1590171036569257,-0.7034581412406875,-0.3257551312299554,-0.5521879232643329,1.776053849403153,0.0,0,1,0,0,0,0,0,0,0,0,0,0,Tidak Likuid,0
SSIA,1.1389967134562886,1.2953556852403358,-0.5910651611813112,0.7921384372198612,0.9138221664737624,1.0005345286544445,1.9123748027646579,-0.6217877974853967,0.47435757971131787,0.4340329874861576,-0.6515105507644688,1.4566537170965244,-0.3257551312299554,-0.9729273194849823,1.1709215278940266,0.0,0,0,0,0,0,0,0,1,0,0,0,0,Likuid,2
BUKA,1.1794793017040575,1.2785401626007424,-0.8156332248813312,1.2513349857384817,-0.3923058532813095,1.5675135380058072,1.355577152369948,-0.6222023714686437,-0.15589491127488575,0.1118227713633327,0.9342005072736557,0.9113556366143298,-0.3257551312299554,-0.6122935512958542,-0.8944668099610583,0.0,0,0,0,0,0,0,0,0,0,1,0,0,Likuid,2
ARCI,0.5639139807237628,0.8633916548518534,0.7800062301838215,0.9617450567069237,0.11092217502615143,0.6219472698199754,-0.28048933644507823,-0.6079754766844775,0.0887460172907249,0.4159355644040375,0.8804619119687158,-0.3090021561454259,-0.21128721672627868,-0.732504807358897,-0.8854141975564339,0.0,1,0,0,0,0,0,0,0,0,0,0,0,Likuid,2
CENT,-0.2561481968919235,0.2771762226177046,3.2836146820957235,0.221730578138432,-0.9534193421196354,0.03220768362896364,-1.0251962733343079,0.44827695869231904,1.2303404786786978,0.20023776387020634,-0.34197714025892906,-0.050931791845661885,-0.3028615483292201,0.04886835705088083,0.7809628396948197,0.0,0,0,0,0,0,0,0,1,0,0,0,0,Menengah,1
RONY,-3.6711332822442735,-0.38349404050383895,-0.26705484360679566,0.4035259654372435,1.2343305295698428,-3.3356983446828483,-1.1407127521560876,3.0490869856381666,1.1238192949827617,-0.9424357203250855,-0.30283087496232264,-0.5701037034540409,3.268537384185495,1.8720724073403625,-0.782121568837001,0.0,0,0,0,0,0,0,0,1,0,0,0,0,Tidak Likuid,0
PNIN,0.49367270493434606,0.42993529324668334,-0.532275459986864,0.6792621815544843,0.860331590733766,0.20009159434700832,-0.18866598054306008,-0.6056890377623916,-0.3844634316434419,-0.22009405731962076,0.4061997209234144,0.469181988616675,-0.3257551312299554,-0.7525400167027374,2.316889411012767,0.0,0,0,0,0,1,0,0,0,0,0,0,0,Tidak Likuid,0
NANO,0.14236095918198727,0.06838404092744223,-0.10824856419370324,-1.1166244253795223,-1.4150103100368492,0.7218279676801344,1.1494734180483062,-0.09255921067143208,0.7659667993696114,1.6736398881012438,-0.4620476178493604,-0.2651506692262184,-0.3257551312299554,0.5697837999907327,-0.9446043555866706,0.0,0,0,1,0,0,0,0,0,0,0,0,0,Menengah,1
CRAB,0.4190751711663562,0.11197976442188742,-1.0910413879419305,-0.3265162913924065,0.04169143503298566,0.45144292593466223,0.9522001067966577,-0.6015524056042438,-1.345376053559642,-1.1328232933807771,1.3165963901902296,0.2818219338700083,-0.3257551312299554,-0.05130768966832145,-0.9801184504048126,0.0,0,0,1,0,0,0,0,0,0,0,0,0,Tidak Likuid,0
ZYRX,-0.30787241397235987,-0.0819817848329109,1.9032532705200056,-0.8246988186614871,-0.3527840797871058,-0.3143303713314358,-0.6085488757585744,-0.19481520433139915,0.10711449056337202,0.5354880799883641,0.3788229100300164,-1.0539555270116585,-0.3257551312299554,-0.17151894573136414,-0.8645235535457619,0.0,0,0,0,0,0,0,0,0,0,1,0,0,Tidak Likuid,0
GPSO,0.24682674957735337,0.5381410738021509,1.2621096248866994,-0.6719275872765818,0.261763069976591,0.20006392034462042,1.0237624508748824,-0.5464016480781184,2.316984944508559,1.8560021202326282,-2.0998089321828446,1.691749302624156,0.22369085838769312,-0.512117504576652,-0.9016624762314008,0.0,0,0,0,0,0,0,1,0,0,0,0,0,Menengah,1
BACA,0.1452051276183843,-0.07564727665309431,-0.6259945537599125,0.46357000470078547,-0.37572215267839065,0.2796785587862377,-0.7441236513636937,-0.5995124799474305,-1.7263044428891703,-1.4549357210663016,1.7405114020073438,-0.9931092068750336,-0.3257551312299554,1.271016127025149,0.278891028638341,0.0,0,0,0,0,1,0,0,0,0,0,0,0,Tidak Likuid,0
BELL,-0.11077640594102468,-0.08865444397858026,0.6568822585428514,-0.43918525251418916,-0.8961463272541347,0.1757135538077125,-0.5219227122068142,-0.28755002813007796,0.6945635753205317,0.2794967065480929,-1.0183270775565587,0.35143450208190163,-0.3257551312299554,0.2692556598331258,-0.5688048816613634,0.0,0,1,0,0,0,0,0,0,0,0,0,0,Menengah,1
LSIP,1.0165837781213094,1.0454891981918588,-0.8452508276255613,0.9742936948263692,0.9166611838327705,0.8414488110286142,1.1496650473010703,-0.6215936978323114,-0.4736339675815152,-0.4042306671309509,0.6802444932812297,0.7643400783050011,-0.3257551312299554,-0.8126456447342588,1.232432868592116,0.0,0,0,1,0,0,0,0,0,0,0,0,0,Likuid,2
ASJT,-0.5211439966217009,-0.7899282452782579,0.08332015770857017,-0.8959270304664213,-0.471680358939772,-0.5335541307712562,-0.8808497127090517,1.9052487483735303,-0.7201648962604724,-0.41219359042229264,0.8821607449815817,-0.11100731738427404,-0.27996796542848473,-0.09137810835600226,0.5994463550687603,0.0,0,0,0,0,1,0,0,0,0,0,0,0,Tidak Likuid,0
VICO,-0.04420981884681363,-0.026690735211344588,0.5331601653575379,0.4467528689514367,-0.238140421527,-0.03239099099006776,-0.9637004303427285,-0.2908587997558045,0.9446241284333122,1.0915327026630675,-0.3975688259464675,0.10539920555424707,-0.3257551312299554,-0.512117504576652,-0.20948580467780864,0.0,0,0,0,0,1,0,0,0,0,0,0,0,Tidak Likuid,0
BNGA,0.9279223177474779,0.9129100012487439,-0.8776719178387161,1.8350446645202785,1.2111349896803607,0.6049300727585988,-0.31611493891247533,-0.6218142526414193,-1.3051248973070104,-1.1529934164725875,1.0811739941287102,0.3461184917782483,-0.3257551312299554,-0.952892110141142,1.791837891544549,0.0,0,0,0,0,1,0,0,0,0,0,0,0,Likuid,2
ADHI,0.812103585767377,0.868835416991534,-0.5220637686748006,0.3779973203570613,0.03694431864431783,0.9526955773456871,1.3190316965582498,-0.6167914772370043,0.3932312794997943,0.31748130761267523,-0.5766809417375837,2.9429741315397795,-0.3257551312299554,-0.9729273194849823,0.5794841841252296,0.0,0,0,0,0,0,0,0,1,0,0,0,0,Menengah,1
SMKL,-0.2748526159952089,-0.27951306618720356,0.8022483286939376,-0.2815383744711557,-0.2437671834497969,-0.3129038456400192,-0.8885159290188035,0.21786612487805548,0.11042888528911911,-0.05036161701446221,-0.23546634591362414,1.021733236277813,-0.3257551312299554,-0.3718710391697687,-0.71875328200463,0.0,1,0,0,0,0,0,0,0,0,0,0,0,Tidak Likuid,0
IPOL,-0.622357466590679,-0.7233625432159572,0.9413291000807691,-0.09843047812275954,-0.3995529786617411,-0.6983543507230342,-1.1063086448591253,2.1598777682349066,-0.34725471665441193,-0.3261430603032834,1.1418866468262723,-0.19519628005818107,-0.27996796542848473,-0.19155415507520454,0.04468369745203168,0.0,1,0,0,0,0,0,0,0,0,0,0,0,Tidak Likuid,0
CBPE,-0.11802922749272352,-0.3646915177048109,-0.3867983135555553,-0.6559249866185434,-0.15125630436554405,-0.15590389830941198,-0.3402994712044476,-0.259572395617171,0.05613360234705413,0.9062348598885305,0.48826628405539513,0.25909203689709503,-0.3257551312299554,-0.6323287606396948,-1.0147040721558136,0.0,0,0,0,0,0,0,0,0,1,0,0,0,Tidak Likuid,0
BMTR,0.8337338755961673,0.7546497318112652,-0.9597890459218443,0.5498110255097968,-0.16105451255776512,1.0838517266121657,1.1901526038011663,-0.6199043698986192,-0.4802286554605736,-0.3451891996417025,-0.5710115762626771,1.5930680966265311,-0.3257551312299554,-0.5922583419520138,1.3146027350340916,0.0,0,1,0,0,0,0,0,0,0,0,0,0,Likuid,2
WIDI,-0.0662883177665359,-0.32007632007358633,-0.4770777043775038,-1.834739304414859,-1.70282875782725,0.5850452302376106,1.4955954854882259,-0.12468614034367173,1.0671831613767704,2.3165320385096324,-0.08982913731902342,-0.29355328157410693,-0.3257551312299554,0.6899950560537756,-1.0576459515110834,0.0,0,0,0,0,0,0,1,0,0,0,0,0,Tidak Likuid,0
BOSS,-3.6711332822442735,-5.467736899185445,-0.26705484360679566,-1.2824731426836005,-0.9534193421196354,-3.3356983446828483,-1.1407127521560876,-0.4882839576263857,-2.3868281524080426,-1.961306506314271,2.17950288914013,-1.2817750407614068,5.077130433343588,3.2745370614091946,-0.6001408476773711,0.0,0,0,0,1,0,0,0,0,0,0,0,0,Tidak Likuid,0
LPCK,0.19497252217276076,0.00043689766760221955,-0.6002487949413574,0.16724399152847852,0.4696937458843158,-0.03417317596931374,-0.44135393687133934,-0.5226161474082393,-0.33180382297743105,0.16974805654425065,-0.5448891426247706,0.119865637424489,-0.3257551312299554,-0.6323287606396948,1.1432994541465828,0.0,0,0,0,0,0,0,0,0,1,0,0,0,Tidak Likuid,0
PORT,-0.15903746029604832,-0.2713786795473921,0.17399821588103973,0.4277086939604808,0.7683612815691774,-0.5904260984234339,-1.0267707739710281,-0.013624120946299348,0.32954166553624337,1.036665815875845,0.5101897215287157,-0.24011747900526895,-0.3257551312299554,-0.8927864821096206,-0.5221491100375297,0.0,0,0,0,0,0,0,0,1,0,0,0,0,Tidak Likuid,0
TMAS,0.33349857810245065,0.14058783196246064,-0.7558014514652752,1.0030673879768988,-0.3438441407578207,0.5100870794958433,-0.7931897257671005,-0.5934724053523259,-0.8929943120134728,-0.3315171614527196,0.9428534479698906,-0.24183042450327666,-0.3257551312299554,-0.3919062485136092,0.638210105621896,0.0,0,0,0,0,0,0,0,0,0,0,0,1,Menengah,1
INDR,-0.05302287359338898,-0.43635771258390055,-0.896579114323414,0.26587845605663685,1.4566820417278312,-0.7517049247546553,-0.899625631478477,-0.12499821528285913,-0.3409251279084384,-0.07112116954018405,-0.26872744108085583,-0.40140628794593197,-0.3257551312299554,-0.8727512727657801,1.7345046796485946,0.0,0,1,0,0,0,0,0,0,0,0,0,0,Tidak Likuid,0
WIRG,1.0480048738405479,1.1332207650009019,-0.7106900119921239,0.03585282303928623,-0.6056001469023268,1.5122762364637263,2.747511667066402,-0.6202639215321353,0.7293372288453754,1.0676382207671313,-0.5749966740102904,2.275933943849605,-0.3257551312299554,-0.8527160634219397,-0.9504073122563017,0.0,0,0,0,0,0,0,0,0,0,1,0,0,Likuid,2
MKNT,-3.6711332822442735,-5.467736899185445,-0.26705484360679566,-1.8822762912134383,-2.0156455723693787,-3.3356983446828483,-1.1407127521560876,-0.4882839576263857,-2.3868281524080426,-1.961306506314271,2.17950288914013,-1.2817750407614068,5.077130433343588,3.2745370614091946,-0.40446514877741196,0.0,0,1,0,0,0,0,0,0,0,0,0,0,Tidak Likuid,0
TRUK,0.12665706326930848,0.06564869370925044,-0.037054516750899415,-1.4802645343217735,-0.49395099313009216,0.3090509765375759,1.6733391359370722,-0.03448740010644372,0.008463862502930254,0.8104435598128114,0.25206645988762866,0.32727688016735074,-0.3257551312299554,-0.5722231326081734,-0.6226563195555397,0.0,0,0,0,0,0,0,0,0,0,0,0,1,Tidak Likuid,0
TMPO,0.13885839221678958,0.39552769816452765,1.28547633207276,-0.900352803626721,-0.3072414225917577,0.2550591482696008,0.839982260901987,-0.2878890165664432,2.134627786598803,2.45633179553131,-1.0822836768904927,1.6396233995827392,-0.11971288512333722,-0.732504807358897,0.8499019649300367,0.0,0,1,0,0,0,0,0,0,0,0,0,0,Tidak Likuid,0
BESS,0.15498513271577605,-0.00396891237986321,-0.4317604584878715,0.18139400306432166,0.33480676786912583,-0.033657815999550506,-0.5509230927913483,-0.3339192682301669,1.3695706541344137,2.2134138413244515,-0.5604373533323699,1.3165453604755217,-0.1426064680240726,-0.8326808540780993,-0.7749259025666585,0.0,0,0,0,1,0,0,0,0,0,0,0,0,Tidak Likuid,0
POWR,0.620670204705908,0.46775199746887475,-0.9468241015823533,1.1730867643040166,0.6426221738236068,0.4582080314171853,-0.3833162171988272,-0.6199078954813683,-1.6126246184749635,-1.1250612213137008,1.5631411041759153,-0.5926563189113936,-0.3257551312299554,0.5898190093345733,-0.45831658667158826,0.0,0,0,0,0,0,0,0,1,0,0,0,0,Menengah,1
PNBS,0.08483648567568182,0.1475439409013772,0.5230898558821191,0.3229506763982649,-0.9534193421196354,0.4472735062603336,-0.7484813952875593,-0.6139823337070345,-1.3871144882821256,-1.1384762151536942,1.4143641215983462,-1.2372151469305739,-0.3257551312299554,2.032354082091086,-0.2538203936337899,0.0,0,0,0,0,1,0,0,0,0,0,0,0,Menengah,1
KUAS,-0.1612164541155126,-0.34649313798194326,-0.10586666411037096,-1.311483419372166,-0.9415281928120847,0.12977055479208935,0.35399109160382763,-0.3433228096602842,-0.4280542469827664,-0.705084966799284,1.76859503249732,-1.3589673732636423,-0.3257551312299554,1.0706640335867443,-0.9130362713038777,0.0,0,0,0,0,0,0,1,0,0,0,0,0,Menengah,1
LPPF,0.7325800017233505,0.7373033821304381,-0.5968776086377958,0.6338316075753236,1.1628771999350058,0.38380914612540834,0.6531165183016789,-0.619275664697926,-0.7122867368594517,-0.6191575284417713,0.9325692492413443,0.48173544714288863,-0.3257551312299554,-0.952892110141142,1.803675923150597,0.0,0,1,0,0,0,0,0,0,0,0,0,0,Menengah,1
NINE,0.2800167592718043,0.5002606387224044,0.8909385803283869,-0.8543333213527282,-0.6815668811204865,0.8387937225050354,2.0310062260404287,0.2917509990730263,1.9783533017656905,2.456436404739439,-2.4318664161596213,-1.6512665478408923,0.3610523557921052,-0.031272480324481045,-1.007276287618686,0.0,0,0,0,0,0,0,0,0,0,1,0,0,Menengah,1
CSIS,-0.20785655167944353,-0.44451851058103575,-0.23268971762270532,-1.1596782703603545,-0.7594988067301722,0.04206035765290984,0.12291214983363194,1.7827944288091377,0.8305292917424338,0.09294863984966173,0.2666559702856711,-0.7447689277418489,-0.3028615483292201,-0.031272480324481045,-0.5349156147107181,0.0,0,0,0,0,0,0,0,0,1,0,0,0,Menengah,1
BBSS,-0.012911309215385055,-0.10278194323194405,0.05018914735538841,-0.023125186088620756,-0.1258692515026946,-0.03798435880221271,-0.6846940520993187,0.18440988280655926,0.6413161771930509,1.3904502563500774,0.11103452603988476,-0.006219743450758449,-0.3028615483292201,-0.7926104353904183,-0.7835142784377126,0.0,0,0,0,0,0,0,0,0,1,0,0,0,Tidak Likuid,0
MARK,1.0656871433371338,1.03027561724209,-1.0702801137251186,0.6209414713521332,0.8284630607233988,0.945736672387058,1.9129172365636,-0.621831875732756,-0.6408372510089106,-0.24580241733053831,-0.3951729214698797,0.0676285525312572,-0.3257551312299554,-0.8527160634219397,-0.5495390655181884,0.0,0,0,0,0,0,0,1,0,0,0,0,0,Likuid,2
GGRM,0.8525654701153441,0.8072411371508843,-0.8848934384881854,1.5300918326903394,2.273652149688548,0.0257503348309821,-0.14862122134647976,-0.6208913783612917,-0.7130114843103854,-0.7825176404546631,-0.47716492496767393,1.0986519777800283,-0.3257551312299554,-0.952892110141142,1.728933841245749,0.0,0,0,0,0,0,0,0,0,0,0,1,0,Likuid,2
LAPD,-0.2518409700989794,-0.38932872307274446,0.210285399633423,-1.221846128730019,-1.4967815895866643,0.2938243182651845,0.04048453654320614,0.8968603034971998,1.5416028262780626,-0.24033961020617375,-1.8268487131272637,-0.09817690872282213,0.10922294388401628,-0.29173020179440695,0.8057994942408407,0.0,0,0,1,0,0,0,0,0,0,0,0,0,Menengah,1
PNLF,1.186771407984514,1.3201314500566423,-0.7200463855655557,1.221433750208791,0.28285356322060334,1.3385580741470198,1.4434879379424455,-0.6220120818752182,-0.016369706517237056,0.2236006114991377,-0.6267560612263522,1.5444065534293676,-0.3257551312299554,-0.9128216914534611,2.339637001157721,0.0,0,0,0,0,1,0,0,0,0,0,0,0,Likuid,2
CHEM,0.07555189533437588,0.008872598639164902,0.013606253610063675,-1.0999929586564012,-0.8437746907837201,0.3811190277949951,0.8517328498256531,-0.4985233971778419,0.4725515363321606,0.5708070363243261,-0.5083428329203104,-0.5033426275931911,-0.3257551312299554,0.16907961311392353,-0.9724585476008997,0.0,1,0,0,0,0,0,0,0,0,0,0,0,Menengah,1
BPFI,-0.40953929887479446,-0.1936167884250022,2.0325341966342974,-0.07826733791654025,0.16156051017658452,-0.6553401961955341,-1.0463730304134276,0.506902832515527,-0.3825386379743801,0.2951260496552564,0.5509506499686273,-0.9142544677407444,-0.3028615483292201,-0.472047085888971,0.13822735896648428,0.0,0,0,0,0,1,0,0,0,0,0,0,0,Tidak Likuid,0
CMNP,0.22381549266843734,0.39423653842598577,0.7641572301884546,1.0147488098777089,1.1063467638565838,-0.23540595664400488,-0.9217378670174246,-0.4800622975061562,0.651793541737058,-0.23513470302256304,-1.558257809351926,0.269769080950741,-0.1883936338255433,-0.23162457376288562,1.3582409691897168,0.0,0,0,0,0,0,0,0,1,0,0,0,0,Tidak Likuid,0
INAF,-3.6711332822442735,-5.467736899185445,-0.26705484360679566,-0.4493090117327094,-0.3947120447759897,-3.3356983446828483,-1.1407127521560876,-0.4882839576263857,-2.3868281524080426,-1.961306506314271,2.17950288914013,-1.2817750407614068,5.077130433343588,3.2745370614091946,0.8269222565182976,0.0,0,0,0,0,0,1,0,0,0,0,0,0,Tidak Likuid,0
BUMI,1.4600548539711569,1.6426713859915965,-0.873585086161121,1.830304895656225,-0.4449348442196908,1.5675135380058072,1.491125504554814,-0.6224004302347103,0.46263784183614,0.6600087162765909,-0.9129329630079116,2.437317794796168,-0.3257551312299554,-0.8727512727657801,1.7354331527157352,0.0,0,0,0,1,0,0,0,0,0,0,0,0,Likuid,2
AMFG,-0.07516656007908068,-0.3491966197140344,-0.5341249650525821,0.3144568902616329,1.7694050344607501,-0.8887799209689525,-0.9239368206450127,-0.30485643247624944,-1.1832061994036693,-0.8393909236262421,0.30715859896581804,-0.5994146238071744,-0.234180799627014,0.008797938363200024,1.288141252620574,0.0,0,0,0,0,0,0,1,0,0,0,0,0,Tidak Likuid,0
PBRX,-3.6711332822442735,-0.37259161026648585,-0.26705484360679566,-0.33527859544373,-1.4150103100368492,-3.3356983446828483,-1.1407127521560876,-0.4558562056346929,-0.4376292145494195,-1.2823600493628642,0.7413253908902961,-0.7526062812833724,2.444368399759022,2.272776594217172,1.7314871421803866,0.0,0,1,0,0,0,0,0,0,0,0,0,0,Tidak Likuid,0
BBSI,-0.4531312265469899,-0.701053563316243,0.06681953701706175,1.3209984658722236,1.739111826112326,-1.3799679214931968,-1.1363245772120214,-0.0770597382136564,-1.3805193478855236,-0.997319806667753,1.4312683501835715,-1.1788348237674204,0.7731368480053417,0.8102063121168183,-0.8171714271215726,0.0,0,0,0,0,1,0,0,0,0,0,0,0,Tidak Likuid,0
PADI,-0.37648969610144206,-0.22967896969282925,1.6527095106501597,-1.0038503902148,-1.8394762783512124,0.18427057049622428,-0.6822478929672031,1.476427681798276,1.3884107035846591,0.3700158444877499,-0.40284045131338914,-0.5034492086745691,-0.3257551312299554,0.5898190093345733,-0.0827492310130663,0.0,0,0,0,0,1,0,0,0,0,0,0,0,Likuid,2
TBLA,0.5299083036522879,0.4205262194107276,-0.7217446986786239,0.6606377977784449,0.5966264668679729,0.34108836129328424,-0.10021657142422567,-0.6127196587440332,-0.8847768102290027,-0.5288250439387271,0.763182191775552,0.7329020863605884,-0.3257551312299554,-0.4119414578574496,0.9262688747023815,0.0,0,0,1,0,0,0,0,0,0,0,0,0,Menengah,1
FUTR,0.5436911396438695,0.5071444752176675,-0.502985765532136,-0.2893822585402793,-0.6334401658414096,0.9146253221256865,1.415804816011474,-0.5089424175119361,1.7236157300191628,1.0925748677397367,-1.6906757606351699,1.7655908239557465,-0.028138553520395827,-0.6723991793273757,-1.0267742220286462,0.0,0,1,0,0,0,0,0,0,0,0,0,0,Likuid,2
WSBP,-0.07550466783978878,-0.3843145031976646,-0.6470600313277958,-0.054759573482593034,-1.6261819847301953,0.563803677703319,-0.7188945609482952,-0.19300644896932237,0.4233008080746818,-0.4722859384195955,-1.0208371481740601,0.409788416072285,-0.3257551312299554,1.491403429807394,-0.481064176816542,0.0,1,0,0,0,0,0,0,0,0,0,0,0,Menengah,1
SWAT,-0.6234335718747519,-1.0444509316037958,-0.3446153558548358,-1.3079005674891868,-1.4410727516827442,-0.24851585532990703,-0.7958681751848746,2.013933568911619,1.1254458995391485,-0.9351785154214817,-1.4262135529005244,0.3050928338147816,0.8418175967075477,0.3493964972084877,-0.6263702118241036,0.0,1,0,0,0,0,0,0,0,0,0,0,0,Tidak Likuid,0
ISAP,-8.858931969608543e-05,-0.2759653059355872,-0.630661854405281,-1.5050916122345697,-1.8394762783512124,0.7469600626109562,1.27192185147372,-0.12591471292300185,1.7012834170138538,2.456436404739439,-0.24742163915646445,-1.038146644151659,-0.3257551312299554,0.930417568179861,-1.0082047606858269,0.0,0,1,0,0,0,0,0,0,0,0,0,0,Menengah,1
CLEO,0.8830985718392761,0.8707599746655985,-0.8218923136127602,0.9964455963359131,0.5990101792881511,0.810524453927191,0.6450202133522458,-0.6206472180652364,-0.10284505309320571,0.20099458198179138,-0.07615846246083563,1.1882477232673816,-0.3257551312299554,-0.9328569007973015,-0.5337550233767918,0.0,0,0,1,0,0,0,0,0,0,0,0,0,Menengah,1
IPTV,0.06305457024669064,-0.2501862349110577,-0.8175945445788692,0.032378734393633174,-1.365994161126448,0.597021758349733,-0.5737692478100412,-0.36825277509767973,0.3041867800800905,-0.5858940358233671,-0.6652438106947056,0.9378142375831088,-0.3257551312299554,0.44957254392768997,-0.7180569272042743,0.0,0,1,0,0,0,0,0,0,0,0,0,0,Tidak Likuid,0
BBCA,1.5663872500247509,1.799436429865299,-0.9889189762398428,2.568010533876095,2.255668751149336,1.3568969037899121,0.5066449318513705,-0.6226261738919607,-1.0758378116938194,-1.0871214422141915,0.571051929747214,0.9814863029154232,-0.3257551312299554,-1.0931385755480252,0.9014322201563606,0.0,0,0,0,0,1,0,0,0,0,0,0,0,Likuid,2
TAPG,1.030411580161706,1.0582027814516015,-0.8632592855811058,1.3761030806757326,0.7701629155474663,0.9207890137242641,0.5917604534847876,-0.6215761872099714,-0.5095494126829366,-0.24968242629671938,0.7423899190163139,0.22352090224525195,-0.3257551312299554,-0.8927864821096206,-0.8675410910139703,0.0,0,0,1,0,0,0,0,0,0,0,0,0,Likuid,2
ERAL,0.6208164774781855,0.6095222772452367,-0.513682321855023,0.16975349086926994,0.06942636130877425,0.6969224182249394,0.9341832833888463,-0.611756136431096,-0.18160831826448884,0.4364855164225791,0.532135936599411,1.08250043660366,-0.3257551312299554,-0.8326808540780993,-1.0643773812478554,0.0,0,1,0,0,0,0,0,0,0,0,0,0,Menengah,1
CNKO,0.27570511653574997,0.2584394144307518,-0.0797472542174396,-0.6305290588254558,-1.2582831234826886,0.9623317227486163,1.2993689102387365,-0.22642101806617076,2.316984944508559,0.8683309096857691,-0.19789256715041137,0.284158170918234,-0.3257551312299554,0.1290091944262427,0.7765525926259002,0.0,0,0,0,1,0,0,0,0,0,0,0,0,Menengah,1
ARTA,0.10599148119365352,-0.21268307725972777,-0.879410384405648,0.021632826125565892,1.3819398677186379,-0.4822522191469084,-0.41778671902675163,-0.4267586954136202,-0.3142629682930889,-0.5942393806786264,0.40153620174335725,-0.600852418990101,0.4526266873950467,-0.17151894573136414,0.6953111992510653,0.0,0,1,0,0,0,0,0,0,0,0,0,0,Tidak Likuid,0
ULTJ,0.7045544435280826,0.611585201238477,-0.8650281831395477,1.4225647736288485,1.1600284975695185,0.33758519709567064,-0.4489735326732858,-0.6174418668954453,-1.0444897475729333,-0.8396330536606917,0.3447515292466542,-0.25299493949744845,-0.3257551312299554,-0.512117504576652,1.7419324641857223,0.0,0,0,1,0,0,0,0,0,0,0,0,0,Menengah,1
SATU,0.5951388650338311,0.5075018950485215,-0.7288566945378578,-0.5864858176529327,-0.07232667700308403,0.7321915568684495,2.05922755136141,-0.6022773064929077,-0.344389193595215,-0.39102105084968014,0.4086480684929446,-0.5275958363820288,-0.3257551312299554,-0.5321527139204925,-0.6611879518418898,0.0,0,0,0,0,0,0,0,0,1,0,0,0,Menengah,1
NRCA,0.11532259518603082,0.31196466618576957,1.0549217164163718,-0.06456749504190869,0.22080909751749128,-0.017173193106285338,-0.3756803921511041,-0.5501335822342149,0.3584887666138198,-0.6361737268168874,0.23046697452355974,0.7471757874552472,-0.1426064680240726,-0.23162457376288562,-0.20693250374317093,0.0,0,0,0,0,0,0,0,1,0,0,0,0,Likuid,2
INDY,1.0644493158792312,1.1063659755618016,-0.858708744126134,0.9899191842195451,1.1011297025909745,0.8268320643874559,1.3108829568075788,-0.6213957936304666,0.10137348434595116,0.049996171317805024,-0.5631348858542656,1.9613281252153474,-0.3257551312299554,-1.173279412923387,0.2206293436752452,0.0,0,0,0,1,0,0,0,0,0,0,0,0,Likuid,2
LIVE,0.41188356856933,0.4653220039224368,-0.0014167062808507986,-0.06211989810452841,-0.14802476680039048,0.5217817647292925,0.5304088862049945,-0.5746685114833237,1.0903359331411402,0.6834114812840484,-1.2665198177052508,-1.5529116056866714,-0.3257551312299554,-0.512117504576652,-1.108015615403481,0.0,0,1,0,0,0,0,0,0,0,0,0,0,Menengah,1
GRIA,0.3353195665362036,0.6146158864667565,1.0617711046641616,-0.18149944065220397,-0.5855204808721283,0.5989373430842282,0.40993025605051037,-0.2930844520317944,0.014611438990617402,0.4400703060628836,-1.4865098144731104,-0.9989965065857257,-0.3257551312299554,0.18911482245776393,-1.0643773812478554,0.0,0,0,0,0,0,0,0,0,1,0,0,0,Tidak Likuid,0
KLBF,1.2917835501081854,1.355862003575013,-1.0286343869934043,2.067018872967339,1.1166494117675885,1.1159703043501543,0.5209508218867717,-0.6223468963875239,-0.4890771733831026,-0.4204435112104117,-0.1503446580246006,0.44592250608022144,-0.3257551312299554,-1.173279412923387,1.6507099853391223,0.0,0,0,0,0,0,1,0,0,0,0,0,0,Likuid,2
ANTM,1.496075648619932,1.799436429865299,-0.5233716808647537,1.7622113308145984,1.140690769931482,1.3677307039764988,1.7534965246121619,-0.6225490299890316,-0.09788170668067882,-0.1974886501037065,1.0856777496261718,1.1184675317538093,-0.3257551312299554,-1.1532442035795465,1.1140525525316423,0.0,1,0,0,0,0,0,0,0,0,0,0,0,Likuid,2
NICE,0.7325183866692643,0.6424839834355968,-0.8861690479588785,0.3903207067349911,0.2500984325811896,0.7455888683657923,0.9564735884368515,-0.5900470265261223,0.3337994777085042,0.5113576820287061,-0.7790336786880993,0.6230053191719109,-0.3257551312299554,-0.952892110141142,-1.1001235943327827,0.0,1,0,0,0,0,0,0,0,0,0,0,0,Menengah,1
JSMR,1.0794900607913276,1.1029629592004162,-0.9268230775387507,1.674698495490255,1.7630385978567402,0.5710153558485339,0.3470481199244501,-0.6218864451129306,-0.8448045373904345,-0.7158678683452754,0.21274846620886373,0.5655107393118946,-0.3257551312299554,-1.0530681568603442,0.26983841623371657,0.0,0,0,0,0,0,0,0,1,0,0,0,0,Likuid,2
DPUM,-0.3827703187903961,-0.19053742937813445,1.8749602596296369,-0.7528772138180572,-0.9534193421196354,-0.16250129461832696,-0.7930023923996186,-0.29235873411028973,0.8814163172489271,-0.26076030828477315,0.05647896315228025,-0.8384818243548832,-0.3257551312299554,1.6316498952142773,-0.4144462342491775,0.0,0,0,1,0,0,0,0,0,0,0,0,0,Menengah,1
BKDP,-0.6484248973110145,-0.7039480259408762,1.186594932905292,-0.5300060978387223,-1.03006611521669,-0.46116100713192987,-1.0682999570586549,2.6551747994597203,-0.014682768889359378,-0.9376611936239596,-0.5417925388150809,-0.2766583437682624,-0.1426064680240726,0.6899950560537756,0.3046561562515029,0.0,0,0,0,0,0,0,0,0,1,0,0,0,Tidak Likuid,0
TPMA,0.7397001740852043,0.6540035124122684,-0.8813468837189689,0.38687583498366995,0.5821259879314383,0.6306220278741486,1.0336482825358517,-0.6193136607123374,-0.7304676376047446,-0.5809135970293658,0.3077293703837731,0.533878987166645,-0.3257551312299554,-0.09137810835600226,-0.17745348386144516,0.0,0,0,0,1,0,0,0,0,0,0,0,0,Menengah,1
BEST,0.4567330767817654,0.3161538753570054,-0.7347317031182173,-0.010951875281441677,-0.5349866733224464,0.754372120195867,0.6450046727241988,-0.6040365323675394,-0.6559150844667354,-0.2891836777529446,-0.15618387493478786,1.1417358372418767,-0.3257551312299554,-0.4119414578574496,-0.10410411155730863,0.0,0,0,0,0,0,0,0,0,1,0,0,0,Menengah,1
UNTR,1.4075855058068123,1.5237779538510976,-1.0037768672366216,2.2046891898486662,2.273652149688548,0.5404135127242017,0.7302831615425982,-0.6225649880255775,-0.8171503364616572,-0.9479395530367485,0.5445221542876875,0.8585636947140114,-0.3257551312299554,-1.173279412923387,1.8083182884863014,0.0,0,0,0,0,0,0,1,0,0,0,0,0,Likuid,2
TLDN,0.025501799460740274,-0.15217548799063121,-0.33017742767368585,0.9353513155686984,0.4755426437145432,-0.21803641416995148,-1.034863483888777,-0.5649507031169415,-0.896831741742482,-0.3306044106245572,1.431063578826441,-0.6238380473874076,-0.3257551312299554,0.5497485906468922,-0.9522642583905836,0.0,0,0,1,0,0,0,0,0,0,0,0,0,Menengah,1
RODA,-0.8287218962571489,-1.2480193465140177,-0.060065073402965664,-0.36768495465609513,-1.1839647750445357,-0.6171682067691023,-1.1181847378962935,3.2795779940699568,0.5370092288758991,-0.8540730849479934,-0.2612897793181593,-0.46021848499012324,-0.11971288512333722,0.7300654747414564,0.7832840223626724,0.0,0,0,0,0,0,0,0,0,1,0,0,0,Tidak Likuid,0
KINO,-0.41325351446312064,-0.7563466555560248,-0.34309824032411523,0.26769926481586426,0.9811246725270164,-1.0047861554778947,-1.0939235581050348,0.4101894254913552,-0.9212979372844835,-0.7553110379073448,0.797844315409939,-0.841337403195153,-0.1883936338255433,-0.011237270980640644,-0.4151425890495331,0.0,0,0,1,0,0,0,0,0,0,0,0,0,Tidak Likuid,0
MARI,-0.4976049950404827,0.22416212694163934,4.379275210674794,-0.6415833715751155,-0.9534193421196354,-0.29438201677710657,-0.9563594841397343,-0.5360620265374668,-0.17228445437869983,-1.441394823126999,-1.7118558427981194,-1.105141411737643,-0.3257551312299554,2.553269525030938,-0.4295339215902181,0.0,0,1,0,0,0,0,0,0,0,0,0,0,Tidak Likuid,0
TIRA,-0.15303490684428808,-0.09804360644769002,0.8664958657321814,-0.5796813909310891,0.45482232667506933,-0.5925263507066044,-0.7037630938563155,1.3029799133543234,1.40382346418277,1.673056501687821,0.6644959807196869,-0.7458026414857838,0.155010109685487,-0.5321527139204925,1.4817278871194657,0.0,0,0,0,0,0,0,1,0,0,0,0,0,Tidak Likuid,0
TCPI,1.336964163896453,1.37503699804198,-1.0910413879419305,1.701183989404734,2.0246523731453023,0.7929429971400063,1.2419539005242266,-0.6223797437970914,-0.6155754821438314,-0.4025199874086084,0.14959215253874222,0.6586144299668957,-0.3257551312299554,-1.1131737848918657,-0.6328695232940903,0.0,0,0,0,1,0,0,0,0,0,0,0,0,Likuid,2
EMDE,-0.007354712037367993,-0.013691427126209488,0.3771069643098199,-0.4393068208484085,-0.42943085288416066,0.11059734201721946,-0.27213176091071517,-0.3996038816723171,1.1690297300945192,0.9705568018135842,-1.1107813453011912,1.2546744229667335,-0.3257551312299554,-0.472047085888971,0.0012775815631913925,0.0,0,0,0,0,0,0,0,0,1,0,0,0,Tidak Likuid,0
SOUL,0.0161609799705307,-0.16483745797097865,-0.3297405312413167,-1.5663475734016847,-1.1499351903602886,0.46470087661931614,1.4363234539188883,0.030341200364008274,1.1664265424454485,1.7949329465782327,-1.4346184863318545,0.6441267953971574,-0.3257551312299554,-0.07134289901216186,-1.0147040721558136,0.0,0,0,1,0,0,0,0,0,0,0,0,0,Tidak Likuid,0
SIDO,1.0195646257339788,1.0269493494050297,-0.9100049540710995,1.390962398147196,0.5364430530716948,1.0119371740890357,0.550385987925988,-0.6217928068173871,-0.9266325127671339,-0.6984965276844742,0.2851338112705237,0.024950623677070818,-0.3257551312299554,-0.3718710391697687,-0.24732108216380302,0.0,0,0,0,0,0,1,0,0,0,0,0,0,Likuid,2
PTBA,1.212586839231312,1.3320830317288124,-0.7911640854988243,1.6752171814071952,1.480826099780862,0.8655788846731202,0.8293466058334942,-0.6224201576752233,-0.8689801035580247,-0.9001389737731332,0.6955235597358428,0.47130232643740555,-0.3257551312299554,-0.992962528828823,0.6841695224453739,0.0,0,0,0,1,0,0,0,0,0,0,0,0,Likuid,2
BTPN,-0.10111311620621437,-0.34402338634851903,-0.3954722842472588,1.5321726502213298,1.354851198951216,-0.7672671070873902,-1.1244327549275521,-0.3879990074141236,-0.6237456141346736,-0.8709022062417793,0.8985100227988406,-0.0911769433585584,-0.3257551312299554,-0.4319766672012902,0.24175210595270236,0.0,0,0,0,0,1,0,0,0,0,0,0,0,Tidak Likuid,0
PTSN,-0.09178694356810031,-0.16073521800230373,0.2486374579425689,0.05033091883020888,-0.09554746646162421,-0.14414336071729017,-0.8383398943560679,-0.4345727466405127,-0.08513873899181307,-0.3989116695838382,0.5976681519468139,-0.3399457082475248,-0.3257551312299554,0.008797938363200024,0.2707668893008575,0.0,0,0,0,0,0,0,0,0,0,1,0,0,Tidak Likuid,0
HRTA,1.0042880371158955,1.030395025570878,-0.8401911759722047,0.3744928113638182,0.40005897628056,1.0396829378976282,2.0485363227468465,-0.6207588501202771,0.2744789504556693,0.4670130768782753,0.19511860584070773,0.6172866472363138,-0.3257551312299554,-0.8927864821096206,-0.5446645819156983,0.0,0,1,0,0,0,0,0,0,0,0,0,0,Likuid,2
KOIN,-3.6711332822442735,-1.8324877295823672,-0.26705484360679566,-1.2988222546014014,-0.7594988067301722,-3.3356983446828483,-1.1407127521560876,2.8133394449926996,-1.3211249425892648,-1.769105892411979,1.3659053329873667,-1.2963725705720728,2.6275170629649054,2.6534455717501406,0.23525279448271535,0.0,0,0,0,0,0,0,1,0,0,0,0,0,Tidak Likuid,0
DEFI,-3.6711332822442735,-2.9454172021259426,-0.26705484360679566,0.006438351406846852,1.099030369209916,-3.3356983446828483,-1.1407127521560876,3.6142853452173993,-1.7215676292706363,-1.961306506314271,1.2454288438850831,-1.1216652142046313,4.962662518839911,3.214431433377673,0.8083527951754784,0.0,0,0,0,0,1,0,0,0,0,0,0,0,Tidak Likuid,0
BNII,0.09752855608667838,-0.02122051988736938,-0.21323880689900823,1.335655667245889,-0.09554746646162421,0.10676809558412241,-1.0747939379092513,-0.5638222275210583,-1.089626623864466,-0.7909928122286262,0.48092448173874824,0.05886034854165688,-0.3257551312299554,0.08893877573856164,1.793694837678831,0.0,0,0,0,0,1,0,0,0,0,0,0,0,Tidak Likuid,0
TOTO,0.04849746858874932,-0.1458750944629827,-0.4184834383511427,0.40826473271568936,-0.04995432784740799,0.01693682709020117,-0.8476860162945115,-0.5506028186815113,-1.388456793321456,-1.005708074836189,1.4336533342254503,-0.6090930007056691,-0.3257551312299554,0.3293612878646473,1.714078272171493,0.0,0,0,0,0,0,0,1,0,0,0,0,0,Tidak Likuid,0
PART,0.549198241834229,0.4768711806018824,-0.6273808500693613,-0.629467426325899,-0.5410800066563948,0.8615605711165351,1.918552924585715,-0.5950970890522912,0.8366384313046149,1.4483516104114087,-1.1746519406651297,1.5167120635993758,-0.3257551312299554,-0.8326808540780993,-1.141440645820556,0.0,0,1,0,0,0,0,0,0,0,0,0,0,Menengah,1
HOKI,0.4658244787170806,0.36143372157706466,-0.63162837103129,0.007249266084993578,-0.5141251687596006,0.7418473627514989,0.6080801366087626,-0.6046276638771422,-0.15201444297444627,0.225433826135748,-0.5741709846927995,1.0125710167813813,-0.3257551312299554,-0.5321527139204925,-0.5448967001824835,0.0,0,0,1,0,0,0,0,0,0,0,0,0,Menengah,1
ISAT,1.2373877628681098,1.3098672811378254,-0.9523041686687198,2.089525343466169,1.3739383390590778,0.9532243588032835,0.3430555446042169,-0.6222318582953837,-0.004931399167056214,-0.0749971309260275,-0.956737985521938,1.8583423099001035,-0.3257551312299554,-1.0330329475165039,1.3775067853328924,0.0,0,0,0,0,0,0,0,1,0,0,0,0,Likuid,2
DFAM,-0.7864156406751792,-0.6741905404670339,2.199141850990781,-1.134494350960158,-0.9534193421196354,-0.6647395115722344,-1.0152186532335803,-0.4658731246276895,-1.6539394097558935,-1.2470680706631576,1.76859503249732,-1.22723198213855,-0.005244970619660457,2.5332343156870976,-0.6166212446191234,0.0,0,1,0,0,0,0,0,0,0,0,0,0,Menengah,1
FPNI,0.06308088894360687,-0.11395177751853537,-0.376814098934171,0.03614818275302195,-0.14161240509375986,0.07420729254424106,-0.5763736077120798,-0.5242560013123022,-0.7511301364782469,-0.16839244837708395,0.9439776747345908,-0.6002907331538392,-0.3257551312299554,-0.31176541113824735,0.748466282344886,0.0,1,0,0,0,0,0,0,0,0,0,0,0,Menengah,1
HAJJ,0.3661838774193263,0.33418968975890495,-0.25811417779692275,-0.5958724722579446,-0.3947120447759897,0.5328426685627126,1.0681269579838077,-0.44241444953265946,0.12481956284433403,1.227859338860977,-1.101972529401744,-0.10269817843122622,-0.3257551312299554,-0.952892110141142,-1.0353625978997,0.0,0,1,0,0,0,0,0,0,0,0,0,0,Menengah,1
TRUE,-0.5072994860779748,-0.9411358217184386,-0.5357028493570137,-0.9872672651027556,-1.5911796040550157,-0.024288715945688936,-0.8090621796144507,0.9090015737184911,0.24054409886422676,-0.6830637358829611,-0.4831800219052763,-0.15351705498748652,-0.3257551312299554,1.4713682204635534,-0.8812360687542994,0.0,0,0,0,0,0,0,0,0,1,0,0,0,Menengah,1
KLIN,0.23352284723751318,0.20338558611256016,-0.069574337913807,-0.7814906576085232,-0.2866899990262494,0.4687210808010465,1.303708316017707,-0.21927033831334372,1.1848646557740288,0.9055890257739554,-0.9049627675126843,-1.4944067628407365,-0.005244970619660457,-0.3718710391697687,-0.9798863321380273,0.0,0,1,0,0,0,0,0,0,0,0,0,0,Tidak Likuid,0
DVLA,-0.13249185432567614,-0.4025299089138592,-0.4492451216677466,0.30994304737633815,1.1833723419697164,-0.7323194207520161,-0.9806166658636761,-0.27224480794150807,-1.226244184374139,-1.040104557812416,0.8194318429794252,-0.4180823377150756,-0.3257551312299554,-0.512117504576652,1.3721680651968315,0.0,0,0,0,0,0,1,0,0,0,0,0,0,Tidak Likuid,0
DEWA,1.2391724297977476,1.3739577504544143,-0.774685656803455,0.44675588864744564,-0.4581615991766688,1.5675135380058072,2.794769895293641,-0.6217472939201126,0.7161065195174171,1.1332974773668645,-0.07765647510813116,2.9429741315397795,-0.3257551312299554,-0.9128216914534611,0.28074797477262287,0.0,0,0,0,1,0,0,0,0,0,0,0,0,Likuid,2
WGSH,-0.0019920578253112098,-0.2594021059512085,-0.5683953665385558,-1.4477023023667175,-0.9810499663062886,0.302759979470854,0.9881048877724111,0.42856835130355236,0.014135482570092554,0.8943684802527988,0.7530656153658051,-0.8748732594186396,-0.3028615483292201,-0.4920822952328115,-0.9227852385088579,0.0,0,0,0,0,0,0,0,0,0,1,0,0,Tidak Likuid,0
IPCC,0.5898508772392962,0.47288889971061,-0.8115511814883716,0.1470433483804419,0.6812570898890719,0.37905693982124156,0.7966202866778417,-0.6164892406597007,-0.8669431753726464,-0.6303150646480126,1.212761168324889,0.12354025063342003,-0.3257551312299554,-0.3318006204820879,-0.6335658780944461,0.0,0,0,0,0,0,0,0,1,0,0,0,0,Menengah,1
ANDI,-0.17193348475259612,-0.3744570706298619,-0.15565581629295522,-1.2503270254959689,-2.0156455723693787,0.5597327821459797,0.15125797469383503,0.3841653037430972,2.1216470608688884,1.376403557226165,-0.2859442507167277,-0.5861534173368856,-0.3257551312299554,0.8703119401483395,-0.6423863722322852,0.0,0,0,1,0,0,0,0,0,0,0,0,0,Tidak Likuid,0
PJAA,0.0254370462829204,-0.29967908038503277,-0.8116953602035651,-0.036074995302333955,0.5284865754331587,-0.2581893204598623,-0.5944703287240216,-0.4886985545454404,-1.2859453050563328,-0.870185422531007,0.4337487746679578,-0.0967692907803584,-0.3257551312299554,-0.17151894573136414,0.5548796478459938,0.0,0,1,0,0,0,0,0,0,0,0,0,0,Tidak Likuid,0
VKTR,0.6636121505577915,0.6543399305839153,-0.5594316222080228,0.8101828903344102,-0.42434887394608856,1.0011895722327229,0.26381480973269905,-0.6126811650695548,0.375355694678633,0.753243072752376,-1.2706197852327288,2.0998412571282294,-0.3257551312299554,-0.5521879232643329,-1.0527714679085936,0.0,0,1,0,0,0,0,0,0,0,0,0,0,Likuid,2
SAMF,-0.1291271553438072,-0.310361801468763,-0.13510891264972494,0.31823063002056634,0.26382285983489523,-0.34859820152215987,-0.9848243332837553,-0.3133256162869075,-0.2145334345953629,-0.17602163321962386,-0.24253849121220555,-0.46351036599168877,-0.3257551312299554,-0.23162457376288562,-0.7800325044359339,0.0,1,0,0,0,0,0,0,0,0,0,0,0,Tidak Likuid,0
NZIA,0.05998945965777181,0.11010899434823941,0.5086895820423346,-0.9008555444882378,-0.7508124916214783,0.3350183120159849,0.5383347213905507,-0.44324529931964074,1.259072227544643,2.2753643939174344,-0.5100758088855332,-0.44953709512002327,-0.3257551312299554,-0.11141331769984293,-0.7363942702803082,0.0,0,0,0,0,0,0,0,0,1,0,0,0,Menengah,1
IFSH,-0.4347682672375284,-0.5251014076939582,0.6868895623095829,0.2636432089956406,0.7330828889514668,-0.9368307358586616,-1.0996013154503643,0.8447362722690848,0.6226141788528771,1.6919458051170961,-0.42211720320882173,0.033452151609272236,-0.234180799627014,-0.7525400167027374,-0.7528746672220605,0.0,1,0,0,0,0,0,0,0,0,0,0,0,Tidak Likuid,0
VTNY,0.6951699927226287,0.5765712815186074,-0.927850024555201,-0.06056796653043265,-0.3350328384158096,0.9462152311494149,1.5255083916974592,-0.6098770401336762,0.4571395505256703,0.6566058350717627,-1.3707409922537452,0.5873036222592128,-0.3257551312299554,-0.7725752260465779,-1.0095974702865385,0.0,0,0,0,0,1,0,0,0,0,0,0,0,Menengah,1
LEAD,0.44073440752210974,0.36402033469921413,-0.5104003865422604,-0.3195659777606459,-0.6124423962696537,0.7593055809298012,1.031591139336619,-0.5931595921100896,0.6419652837511965,1.0382745787580985,-1.0064212020600325,1.5941380953282787,-0.3257551312299554,-0.5922583419520138,-0.2456962542963063,0.0,0,0,0,1,0,0,0,0,0,0,0,0,Menengah,1
SRTG,1.1548326313858461,1.2707404883295375,-0.7375239160210005,1.5684551205270347,1.246020616313716,0.8862054763079734,0.7686792002959658,-0.6215261216475891,0.3980181162545298,0.22153400728871483,-0.9233687585484242,2.646166825867191,-0.3257551312299554,-1.1332089942357062,-0.2067003854763856,0.0,0,0,0,0,1,0,0,0,0,0,0,0,Likuid,2
ABDA,-3.6711332822442735,-2.129757904792595,-0.26705484360679566,0.4224466805762139,1.6866477570826028,-3.3356983446828483,-1.1407127521560876,1.1301448128440286,-1.5629095222922682,-1.9601638968148765,0.823506962218858,-1.4111283415980107,4.504790860825204,3.174361014689992,1.8257271584951944,0.0,0,0,0,0,1,0,0,0,0,0,0,0,Tidak Likuid,0
INOV,-0.29277727847506213,-0.4547027036464211,0.17291017973638817,-0.8629048390551477,-0.5855204808721283,-0.19097802285387827,-0.5375530931149268,0.2509922344315776,-0.5266721012967098,0.9603231050991029,0.6441016569524883,-0.5495963637141481,-0.3257551312299554,-0.3518358298259283,-0.7185211637378446,0.0,0,1,0,0,0,0,0,0,0,0,0,0,Tidak Likuid,0
ASLI,-0.2163271151495787,-0.0415427575714548,1.5093588570385599,-0.5573195538705702,-0.9534193421196354,0.06438527098630364,-0.6363655716226511,-0.6222811433654527,-1.979325179121092,-1.8382796906769077,1.9661468866525171,-1.219919257866813,-0.27996796542848473,3.0541497586269495,-1.099195121265642,0.0,0,0,0,0,0,0,0,1,0,0,0,0,Menengah,1
LOPI,0.10878607448600236,-0.06363287047378977,-0.4194365137217864,-1.5323753194436875,-1.1176974868302512,0.5869471687632015,1.7919332060194866,-0.15031549489239232,1.2497685910351781,1.8409983211532035,-1.4431949490168852,0.7591577510526809,-0.3257551312299554,-0.4920822952328115,-1.079232950322111,0.0,0,0,0,0,0,0,0,0,0,0,0,1,Tidak Likuid,0
TRST,-0.47597457189537157,-0.8978792488451446,-0.5344323768912336,0.1689773610861535,0.44327347421591895,-0.8549034804284849,-1.0979778328796177,1.6534102569446643,-0.7125966668225673,-0.9804495341874473,1.0145791155577646,-1.0502588082653435,-0.028138553520395827,0.3894669158961688,1.7419324641857223,0.0,1,0,0,0,0,0,0,0,0,0,0,0,Tidak Likuid,0
SAFE,-0.00027695834975805135,-0.252739587037243,-0.55417378913814,-0.9207727600643203,-0.002418623323249968,-0.08520724463299445,0.2916184354520264,-0.28646039154482356,1.7205033077166318,1.9704264018856783,-1.5454107906539347,-0.2251583465388869,-0.27996796542848473,-0.9128216914534611,1.3925944726739332,0.0,0,0,0,0,0,0,0,0,0,0,0,1,Tidak Likuid,0
JIHD,0.5320906082895237,0.8614036419749963,0.9618785362459504,0.22031758872281615,0.6223504643137765,0.3443549904608143,0.5230283294497361,0.994598565673955,1.9839712793112012,1.9376480976409198,-2.348036987177886,2.2437643159627476,-0.1426064680240726,-0.7725752260465779,2.279286251793558,0.0,0,1,0,0,0,0,0,0,0,0,0,0,Menengah,1
ADMF,0.4190896176161685,0.2216502743297986,-0.8627674277005719,1.1096050280521255,2.2627841382423504,-0.4860082204950385,-0.7418369972331386,-0.6130048438195956,-1.5501233276069266,-1.2270315340160682,0.6818635628231942,-0.5349598288331674,-0.3257551312299554,-0.6723991793273757,0.5764666466570215,0.0,0,0,0,0,1,0,0,0,0,0,0,0,Menengah,1
HATM,0.9562118473175661,0.8931916757318445,-1.0374332171639316,0.30776138002005743,0.060320246340906505,1.129791346874653,1.9947772620508144,-0.6211821367528797,-0.5383947104467701,-0.29095841205896605,0.6601907185595502,-0.5601088131577913,-0.3257551312299554,-0.3919062485136092,-0.976636676403034,0.0,0,0,0,0,0,0,0,0,0,0,0,1,Likuid,2
BNBA,0.1925389567340562,0.1000461467234253,-0.2453048798748975,0.42014389475750513,0.6514208158125541,-0.11205872677981538,-0.659687897472903,-0.5373591931100371,-0.22765118767987855,0.11592386172783063,-0.3849663079732739,0.3607380735731681,-0.3257551312299554,-0.472047085888971,0.3926289793631096,0.0,0,0,0,0,1,0,0,0,0,0,0,0,Tidak Likuid,0
PEHA,-0.27900074043941697,-0.48775739695749837,-0.03007895281663477,-0.6364290245787735,0.16543631392164132,-0.49886986519945986,-0.7012829532295876,-0.05260099799740561,-0.22388401394125862,-0.0022404546474328996,0.27522095648949724,-0.2868804070958652,-0.3257551312299554,-0.4319766672012902,-0.6730259834479372,0.0,0,0,0,0,0,1,0,0,0,0,0,0,Tidak Likuid,0
APEX,0.2499025417880172,0.47872582479666964,0.9775836145238089,-0.38784130013974716,-0.3995529786617411,0.419441263562827,0.4336841684384729,-0.5628006477131169,0.4559398787306854,0.5569551124850226,-0.7899106513639383,0.12477759040088635,-0.3028615483292201,-0.7525400167027374,-0.2018259018738955,0.0,0,0,0,1,0,0,0,0,0,0,0,0,Menengah,1
PEVE,0.12743159266089346,-0.08415440299571325,-0.5746200894325898,-0.3349958098025193,0.09161628710391825,0.050636059996544865,-0.04206846926489491,-0.5367856452165063,-0.45913122435115133,0.1390341478415836,1.32057291783516,-0.12392778343216725,-0.3257551312299554,-0.4920822952328115,-1.0188822009579481,0.0,0,0,0,0,0,1,0,0,0,0,0,0,Tidak Likuid,0
PRAY,-0.4074006029680204,-0.8698940136262947,-0.7448393035467261,1.052476452507088,0.577215176148936,-0.8272133783604324,-1.1309393160161205,0.08852193562598476,-1.3717169520846413,-0.878762476386295,1.5268845285897847,-0.899527406460252,-0.3257551312299554,0.1490444037700831,-1.0010090944154844,0.0,0,0,0,0,0,1,0,0,0,0,0,0,Tidak Likuid,0
DAYA,-0.28237055254082627,-0.43986159850459,0.17529199947451776,0.3547174338840796,0.7683612815691774,-0.6988093046481543,-1.052360170194828,0.20555403852978876,0.34194192255691624,2.1958652541622383,0.07947023608348502,-0.32435458355267255,-0.3257551312299554,-0.5521879232643329,-0.46156624240658156,0.0,0,0,1,0,0,0,0,0,0,0,0,0,Tidak Likuid,0
MIKA,1.189158047032444,1.1953123893991906,-1.0803265308725878,1.7360880518766393,1.4424456404629977,0.8334836952395304,0.6035133136848605,-0.6221511053880214,-0.621238985203799,-0.40464959683053525,0.19470484764986123,-0.3456884914374016,-0.3257551312299554,-1.1131737848918657,-0.3543276031517997,0.0,0,0,0,0,0,1,0,0,0,0,0,0,Likuid,2
TLKM,1.5663872500247509,1.799436429865299,-1.0251100827164061,2.568010533876095,1.4864370511438152,1.3952369621821739,0.7615621503670201,-0.6226261738919607,-0.7921724423983858,-0.7117141877610826,0.6144463191683002,0.7835372656604305,-0.3257551312299554,-1.1532442035795465,1.2867485430198624,0.0,0,0,0,0,0,0,0,1,0,0,0,0,Likuid,2
SDMU,-0.6529470284735424,-0.9889896383717788,0.0106768924451638,-1.720048383613502,-1.365994161126448,-0.31239628294543653,-0.54026478827234,2.4962876969347905,0.13227737435998463,-1.2057642656108214,0.7926888729706473,-0.5979520465066757,-0.3257551312299554,1.1307696616182654,-0.040735824724937454,0.0,0,0,0,0,0,0,0,0,0,0,0,1,Menengah,1
AHAP,0.3258058806523452,0.24464021549623885,-0.3803267741526153,-0.41240701066087593,-0.6263606078303403,0.6416435901706566,0.8180282909339782,-0.5705980484712821,-0.25267135334365637,0.4153678838732434,-1.0984211490786469,1.1047510376083018,-0.3257551312299554,-0.3718710391697687,1.7247557124436141,0.0,0,0,0,0,1,0,0,0,0,0,0,0,Menengah,1
FAST,-0.19215114376498313,0.1357058184263387,2.1826545235630506,0.11420285056949825,0.15961337038819354,-0.3866487633777039,-0.9696986159173488,0.2625314306162569,1.0619192936390187,1.0452729455813148,-1.486923866054725,0.1623567914343652,-0.3257551312299554,-0.8727512727657801,1.4996009936619297,0.0,0,1,0,0,0,0,0,0,0,0,0,0,Menengah,1
LFLO,-0.44414596145374674,-0.5077027198671636,0.8175744017161009,-0.9582191773264379,-0.5082929823190229,-0.43850348373478465,-0.7674520405929458,1.7653493120338297,0.8937609262417231,2.1223872478451398,0.3193451668529199,0.3023684049469761,-0.028138553520395827,-0.732504807358897,-0.8663804996800439,0.0,0,1,0,0,0,0,0,0,0,0,0,0,Tidak Likuid,0
AISA,0.3278447775165776,0.1756875694547057,-0.6216373678195393,0.08390975367249676,-0.3947120447759897,0.5300065821274315,0.08062463690927824,-0.5957502771641437,-0.659867883305875,-0.17101535854481853,0.5887456352986647,0.20862004956143643,-0.3257551312299554,-0.21158936441904522,1.153280539618348,0.0,0,0,1,0,0,0,0,0,0,0,0,0,Menengah,1
IMPC,0.752246007547472,0.6647815311389094,-0.8995268014530039,1.4049269435031706,0.1919010779967723,0.8307947613878434,-0.26457025934523526,-0.6190284977602956,-0.6639995481142575,-0.36198904393518727,0.8601555007842977,-0.44519408840777197,-0.3257551312299554,-0.11141331769984293,-0.3318121312736312,0.0,0,0,0,0,0,0,1,0,0,0,0,0,Likuid,2
OLIV,-0.11426900276614457,-0.3462338314887953,-0.3399470970484738,-1.6296252620901732,-1.5580701922674425,0.47656363415745484,1.0442707741834887,0.6391978651590505,1.5479427280902753,2.456436404739439,0.0002237208738002946,1.4634692426722544,-0.3257551312299554,0.2692556598331258,-0.9603883977280671,0.0,0,1,0,0,0,0,0,0,0,0,0,0,Tidak Likuid,0
BABY,0.7011559325567737,0.5570754015451735,-1.003257315059887,-0.10136224768659162,0.1458072312546627,0.7388291431411672,1.577449949543035,-0.5649306027619565,0.705932458508473,1.165948984990403,-0.17546430812880273,0.5753256003131907,-0.3257551312299554,-0.8927864821096206,-1.0713409292514129,0.0,0,1,0,0,0,0,0,0,0,0,0,0,Menengah,1
YULE,-0.4772170444035047,-0.4946057680274995,1.0747151663424084,0.7651099037452831,1.472883382109329,-1.2844099215060407,-1.1278136234281515,0.5956432516946669,-1.2306243767648366,-1.1449617221625692,1.5048366110036249,-1.1837140771770844,1.1394341744171073,1.7117907325896389,0.51750860689357,0.0,0,0,0,0,1,0,0,0,0,0,0,0,Tidak Likuid,0
BCIP,0.15070679334938464,0.307822103857409,0.8234233319512096,-1.2532152125131752,-0.9298635554166832,0.5232478048739617,1.3973581043426562,-0.5535948328066568,0.2201018834406574,0.17282188453353867,0.6519975959679462,-0.7498201575820839,-0.3257551312299554,0.6899950560537756,0.09342853347693254,0.0,0,0,0,0,0,0,0,0,1,0,0,0,Menengah,1
SUPR,-3.6711332822442735,-2.2165125309621563,-0.26705484360679566,1.901720874995628,2.273652149688548,-3.3356983446828483,-1.1407127521560876,-0.6052738001076412,-2.383557782573118,-1.961306506314271,2.1763420594736465,-1.2803155677561144,4.939768935939176,3.254501852065354,-0.06185858700239461,0.0,0,0,0,0,0,0,0,1,0,0,0,0,Tidak Likuid,0
ISSP,0.3436615661133191,0.21844665660343315,-0.552739704072568,0.3589874154712456,0.108806888130108,0.3163039619321602,-0.2527464007623041,-0.5878535777583165,-0.8836658115428294,-0.5608710173806973,0.836854924441013,0.15287827809454377,-0.3257551312299554,-0.6122935512958542,-0.17791772039501563,0.0,1,0,0,0,0,0,0,0,0,0,0,0,Menengah,1
NATO,-0.5719676616671232,-0.5316060977949777,1.494232585500556,0.09164664346127882,-0.2927833323601982,-0.6615680994817843,-1.1086999508376074,1.9245346997406463,-0.6773270333495872,-0.4057070679397355,1.3576871758545106,-0.04585185555576214,-0.3257551312299554,0.2692556598331258,-0.6783647035839977,0.0,0,1,0,0,0,0,0,0,0,0,0,0,Tidak Likuid,0
WEGE,0.306360805420396,0.25367353836575396,-0.25316319674686244,-0.2386957754897735,-0.8143750477043201,0.6781780041259527,0.4424700233854465,-0.5767208718200051,0.0903210744307557,0.11550593783885509,-0.25131718414570464,0.7981174808724709,-0.3257551312299554,0.2492204504892854,-0.5822677411349075,0.0,0,0,0,0,0,0,0,1,0,0,0,0,Menengah,1
TAMU,-0.05308735126191354,-0.33177580744800667,-0.5764008627105747,-0.2724235036464701,-1.6633069843330461,0.5543180115043586,-0.5930168141236086,0.031461473846458206,1.2096107476869256,-0.36946669881045635,-1.7828228713441057,-0.540901312298194,-0.3257551312299554,0.2892908691769662,-0.5349156147107181,0.0,0,0,0,1,0,0,0,0,0,0,0,0,Tidak Likuid,0
AREA,0.5344481883782187,0.36593614114080814,-0.9016282913511,-0.25415292698868164,-0.028370597764459448,0.6363086499072326,1.2941792409537434,-0.5921680328679444,0.6654243398492742,0.8837951405316655,0.20714517725464357,1.1406529414537063,-0.11971288512333722,-0.8326808540780993,-1.1193894104759579,0.0,0,0,0,0,0,0,0,0,0,1,0,0,Tidak Likuid,0
BAIK,0.014743702026909562,0.2019429795745428,1.178526336862889,-1.2688189173356952,-0.8048806722881225,0.27609955567209177,0.8551618823743601,-0.4942907446157634,1.023417064684661,1.850231624444989,0.21484969956669622,0.663806523460058,-0.3257551312299554,0.6899950560537756,-1.1087119702038366,0.0,0,1,0,0,0,0,0,0,0,0,0,0,Menengah,1
KOBX,0.15399804486635016,0.21571509003176872,0.4124856865461469,-0.5024384112423855,-0.27270366632999976,0.22984908487011405,0.23717554449173756,-0.5195296594043647,0.9196754043432218,1.0564811602626574,-0.10617206343549865,-0.22603579623150777,-0.3257551312299554,-0.7124695980150565,-0.12406628250083951,0.0,0,0,0,0,0,0,1,0,0,0,0,0,Tidak Likuid,0
SINI,0.20036503089713462,0.011039407073202561,-0.5897642909440611,0.22448531929037105,1.5928133643268532,-0.4716788300846751,-0.43336262944120585,-0.46677597761415557,1.2709460616339394,-0.7370660590080597,-1.4113548312987088,0.7547289424221117,0.3381587728913699,-0.3318006204820879,-0.746607474018859,0.0,0,0,0,0,0,0,1,0,0,0,0,0,Menengah,1
SAGE,-0.2352638644748951,-0.6303428566113671,-0.73274400180733,-1.0885739172431517,-1.745078263882861,0.39631180722634113,-0.14227850311171555,0.3068959107204658,1.0690490825346846,0.3196364422530798,-0.10466137278607646,-0.7464281861967872,-0.3257551312299554,0.9103823588360206,-1.0288632864297134,0.0,0,0,0,0,0,0,0,0,1,0,0,0,Tidak Likuid,0
INDX,0.04987059122746898,0.06336182912806651,0.3718677315669204,-1.6001352334150394,-0.6478496529579382,0.2671839525077433,1.5421303598759255,-0.4430808268775933,1.0633926763701662,1.7206292953016535,-0.5100758088855332,-0.4236275240881496,-0.3257551312299554,-0.25165978310672604,0.8199587085147406,0.0,0,0,0,0,0,0,1,0,0,0,0,0,Menengah,1
SOTS,-0.4667891347729596,-0.4265685595184739,1.316576042717998,-0.5771037580663015,0.13372049123750165,-0.715747665813685,-0.9528790908635126,1.2215495094444975,0.8647038482078512,1.424693699230419,0.3712812989964952,-0.32423875894288035,-0.21128721672627868,-0.4520118765451306,-0.6693120911793734,0.0,0,1,0,0,0,0,0,0,0,0,0,0,Tidak Likuid,0
POLA,-0.516626345109512,-0.7237501373873365,0.32368714798051285,-1.5123458079517011,-1.745078263882861,0.04622043398699476,-0.3991537066640967,1.5168489502361369,1.0458792120662421,-0.27183554267014964,-0.10466137278607646,1.337111277421234,-0.3257551312299554,0.9905231962113822,-0.6637412527765275,0.0,0,0,0,0,1,0,0,0,0,0,0,0,Tidak Likuid,0
BUVA,0.30020649008629813,0.7454746016623266,1.8806435456092028,0.1287102814074051,-0.8191780130903529,0.659723194520671,-0.09461961754300466,-0.2716694320020183,1.69877736531029,1.487839075756656,-0.5242017474255838,0.4008712829056011,-0.3028615483292201,-0.15148373638752374,0.043987342651675886,0.0,0,1,0,0,0,0,0,0,0,0,0,0,Likuid,2
REAL,-0.09813759863594984,-0.16623498602116402,0.2615460444125686,-1.308530708305295,-1.8927598657682936,0.5912484253610014,0.4623860940720915,0.29952304823038106,1.88992012499233,0.6431225373408481,-0.3807691407112225,1.154104338422376,-0.3257551312299554,0.5096781719592114,-0.7531067854888458,0.0,0,0,0,0,0,0,0,0,1,0,0,0,Menengah,1
PPRE,0.07639481118551723,-0.04615875987841075,-0.1985784423567602,-0.23039198233624492,-0.8437746907837201,0.38921261177958183,-0.2894711616470743,-0.4882839576263857,0.20732673500577017,0.3010568992206874,-0.06581504180093703,1.674034130751917,-0.3257551312299554,-0.031272480324481045,-0.5808750315341961,0.0,0,0,0,0,0,0,0,1,0,0,0,0,Likuid,2
SWID,-0.2896415942258146,-0.32872509122310956,0.6771953818851055,-0.48766480246970817,-0.777250048101469,-0.0940814789374467,-0.7897685401239951,0.11489557312624984,0.2686000058176342,0.39048986138005604,0.4459853689282767,-1.043254357605492,-0.3257551312299554,0.18911482245776393,-0.9722264293341145,0.0,0,1,0,0,0,0,0,0,0,0,0,0,Tidak Likuid,0
BIRD,0.7822880336336624,0.7042018663827551,-0.9043262043029838,0.7425596403126201,1.2376933878149887,0.4164629235722723,0.6709061902142457,-0.6198317985342839,-0.8374995374167208,-0.656463229244438,0.2693628291331069,0.6485210390215117,-0.3257551312299554,-0.732504807358897,-0.322063164068651,0.0,0,0,0,0,0,0,0,0,0,0,0,1,Menengah,1
ASPI,0.34931900238641195,0.36551799540264274,-0.055724374471165225,-0.9866810072545958,-0.14802476680039048,0.454533960100076,1.7635980105918372,-0.47773677968463496,1.5943663496923768,1.1341604065828315,-2.060360226373618,1.5057011189090133,-0.1426064680240726,-0.6924343886712161,-0.7700514189641685,0.0,0,0,0,0,0,0,0,0,1,0,0,0,Tidak Likuid,0
CSMI,-0.5391981651517392,-0.022499893412233213,3.711298693996161,0.40350480832868535,1.4953089911465058,-1.407061365891142,-1.1232501789406466,1.0266535157186019,0.4272709823726385,-0.3500209848976865,-2.5803214479518948,-0.6379151503234136,1.6201994153325496,0.9704879868675418,-0.782121568837001,0.0,0,1,0,0,0,0,0,0,0,0,0,0,Menengah,1
BMHS,0.20694944173154253,0.012347936613949572,-0.6147641442839744,0.3776607984660009,0.02247809599733517,0.18212817713284235,-0.5828062074593195,-0.5607001278975681,-0.607874217465835,0.5277638321347661,0.03386610940621343,-0.31097746328464787,-0.3257551312299554,-0.19155415507520454,-0.8872711436907158,0.0,0,0,0,0,0,1,0,0,0,0,0,0,Tidak Likuid,0
MPPA,0.6159957119135637,0.6982551826762814,-0.17694943190418483,-0.16628892031459455,-0.9071804086156048,1.0919844606869815,1.401778045656425,-0.6123607173883107,0.8725871946960954,0.8478271952090042,-0.8689891824396336,0.6383066526435709,-0.3257551312299554,-0.011237270980640644,1.5323296692786483,0.0,0,0,1,0,0,0,0,0,0,0,0,0,Menengah,1
KDTN,-0.3829356826643673,-0.7534045135360741,-0.4768384007344057,-0.9050485657293945,-0.4143097155451667,-0.37656315307441945,-0.6743587325460483,1.0748335815353944,-0.5053034246530884,0.3118384681256271,1.0438441672375613,-0.7773487451238461,-0.3257551312299554,-0.4119414578574496,-1.0012412126822696,0.0,0,1,0,0,0,0,0,0,0,0,0,0,Menengah,1
ELPI,0.45763696356343664,0.2315615050867417,-0.9823787726459914,0.47400658373457866,0.2347669655312105,0.4275811652456857,-0.023778765237447024,-0.586433399815668,-1.0814977782985076,-1.0200944611994012,1.3304330833220792,-0.16069633522278057,-0.3257551312299554,0.30932607852080685,-0.9796542138712421,0.0,0,0,0,0,0,0,0,0,0,0,0,1,Menengah,1
MBSS,0.11423652081307972,0.43699507780550667,1.6296266750365378,0.2943747705799207,0.890623371661712,-0.30225473981838796,-0.6909764445048059,-0.5187317374280136,0.4343977278495607,0.1589725880700066,-0.6544214047714215,-0.5656249305760819,-0.3257551312299554,-0.7124695980150565,-0.018220352846769015,0.0,0,0,0,1,0,0,0,0,0,0,0,0,Menengah,1
UFOE,0.07311080101227305,-0.049016765246432274,-0.1925449446977467,-0.36296977909094885,-0.10149290100303758,0.04914497578147953,-0.19473495379580472,-0.3291340441974843,-0.30605846176937784,-0.22514155922433018,0.04278203459751981,0.11819826080336172,-0.3257551312299554,-0.13144852704368332,-0.8512928123390032,0.0,0,1,0,0,0,0,0,0,0,0,0,0,Tidak Likuid,0
ASLC,0.4177164344422669,0.24702007046167226,-0.7825163925559263,-0.01537032675022828,-0.7091382556387161,0.7555329227460927,0.4523107220237062,-0.6011119094639176,-0.5424956061242636,0.09529329744051711,-0.20529878352514835,0.9704528312975309,-0.3257551312299554,-0.27169499245056644,-0.9343911518481199,0.0,0,1,0,0,0,0,0,0,0,0,0,0,Menengah,1
KIAS,-0.6931591398095799,-1.0737338665653982,-0.10272007413441833,-0.5794021001231161,-1.4967815895866643,-0.30450690297981137,-1.0734903706409586,3.7875599316906547,0.23344660020678776,-0.5566719541534468,-0.3257095271660319,-0.7415208782568967,-0.2570743825277494,1.0305936148990635,1.36590087199363,0.0,0,0,0,0,0,0,1,0,0,0,0,0,Tidak Likuid,0
FOLK,-0.4240286844344289,-0.10974732924267092,2.5251523137438494,-0.7799567205894623,-0.9534193421196354,-0.20562072455089397,-0.8233850807947652,-0.45147597490780256,0.027755062180098378,-0.3066111474939155,0.7719901563114012,-1.2432442914709143,-0.1883936338255433,1.6516851045581176,-1.0641452629810704,0.0,0,0,0,0,0,0,1,0,0,0,0,0,Menengah,1
VOKS,-0.2668142159365209,-0.12089932657285621,1.4623183100091819,-0.07838443296234682,-0.10749662504762608,-0.3539056280024181,-0.9558781416906544,0.2757880590818517,1.236945083672784,0.9927969785550411,-0.16872207075420853,0.2613777579146131,-0.3028615483292201,-0.732504807358897,1.7022402405654455,0.0,0,0,0,0,0,0,1,0,0,0,0,0,Tidak Likuid,0
INTA,-0.4641555839244191,-0.8050074053188033,-0.26790172839666604,-1.5521758447412044,-1.7904601294408111,0.08766144616431265,-0.3177288226929753,1.2469110303591107,1.2154930440227725,-0.49038927457415693,-1.5186678206451563,-1.1514987262155885,-0.3257551312299554,1.0105584055552226,1.4754606939162642,0.0,0,0,0,0,0,0,1,0,0,0,0,0,Tidak Likuid,0
BBRM,-0.08129067730957193,-0.10366662807374494,0.42351709397015513,-0.20017292756284358,-0.6932315185158878,0.13689066844799602,-0.6450144875308458,-0.35696680507073875,-0.2583033232636393,0.5444510858997607,0.9532673380007979,-0.2530415921524949,-0.3257551312299554,0.04886835705088083,-0.16770451665646496,0.0,0,0,0,1,0,0,0,0,0,0,0,0,Menengah,1
ALTO,-0.7564237472430448,-1.186459511735381,-0.20009898640105783,-1.5880849295509052,-1.5911796040550157,-0.3273230092855197,-0.7919471567111,2.329570041983314,0.5437460331680168,-0.6964321418431406,-0.594125143198835,-0.08883136275567576,0.22369085838769312,1.2109104989936272,-0.12522687383476563,0.0,0,0,1,0,0,0,0,0,0,0,0,0,Tidak Likuid,0
ALKA,-0.5324746951404329,-0.6686548970357223,0.6448413851346385,-0.8668990825675534,0.1825801225885814,-0.8340540545330506,-0.9130846027848948,0.804344712411035,0.34216696355716936,0.752256207199991,-0.15127696996824408,0.00710598335820003,-0.3257551312299554,-0.6523639699835352,1.73961128151787,0.0,1,0,0,0,0,0,0,0,0,0,0,0,Tidak Likuid,0
SDPC,-0.15322788303575977,-0.10611691495911059,0.8323973810455332,-0.861341066175926,-0.37106528652900755,-0.09683087835928392,-0.1847595475504585,-0.3082962816673863,-0.6435617514769467,-0.3489133600477822,0.35179424355260375,-0.02813299205760656,-0.3257551312299554,-0.07134289901216186,1.7549310871256956,0.0,0,0,1,0,0,0,0,0,0,0,0,0,Tidak Likuid,0
ADRO,1.5355683588736584,1.781002605033293,-0.7705674360111896,2.0749944070853252,1.3845839778175455,1.3093847470861948,1.3873527726596626,-0.6225832800367326,0.1798505569676762,-0.3492084304578372,-1.1090313373211673,1.340060246490596,-0.3257551312299554,-1.0530681568603442,0.21250520433776177,0.0,0,0,0,1,0,0,0,0,0,0,0,0,Likuid,2
RAJA,1.357835279091985,1.523121371666007,-0.8142627606938838,0.3061158445702364,0.36621749632748424,1.5072827572180845,3.068313807570834,-0.6218525912998373,1.0410892744179499,1.3274015883575778,-1.4268692569270824,2.9429741315397795,-0.3257551312299554,-1.173279412923387,0.40261006483487494,0.0,0,0,0,1,0,0,0,0,0,0,0,0,Likuid,2
LION,-0.45892700930424574,-0.2882201073871422,1.9056512111162909,-0.7544726480460973,0.30938095685288813,-0.7567884438557976,-0.8524635713922794,2.710324678019634,1.9062307725420822,0.6880461555096528,-1.3528877543444366,1.0552978925139902,0.17790369258622238,-0.15148373638752374,1.47615704871662,0.0,0,0,0,0,0,0,1,0,0,0,0,0,Tidak Likuid,0
MCOR,0.2228437183253552,-0.039824695834500316,-0.8420835797519969,0.488397181412625,-0.7338009825094667,0.5311745749502659,-0.6282949498019221,-0.5643039929184352,-0.8773362787901963,-0.37407307621630037,0.5405408700307414,0.7462361831534695,-0.3257551312299554,-0.11141331769984293,0.30047802744936847,0.0,0,0,0,0,1,0,0,0,0,0,0,0,Tidak Likuid,0
PICO,0.12584382297967217,0.21380627874268493,0.5658417123441422,-1.2830958536491146,-0.40935118685396216,0.2833486515889646,1.3898179020987156,-0.46693644605621093,1.0021902746784368,1.3803706384742485,-0.7401055659535172,0.5299987648212152,-0.3257551312299554,-0.512117504576652,1.2138634072492964,0.0,1,0,0,0,0,0,0,0,0,0,0,0,Tidak Likuid,0
JAYA,-0.12960686418455822,-0.24901160973181463,0.10302278733582518,-1.2486520105075136,-0.5724907351147537,0.0038066074685131606,0.348748722781183,-0.37651392120685523,-0.2131702947972783,-0.15835688327813727,0.36073040891785785,-0.17837879163824313,-0.3257551312299554,0.04886835705088083,-0.686256724654696,0.0,0,0,0,0,0,0,0,0,0,0,0,1,Tidak Likuid,0
ZONE,0.06263457117626296,-0.34856795842767113,-1.0853634487896489,-0.15714014891837957,0.748185379346974,-0.2958042624130015,-0.3899416365737396,-0.5720843206169538,-1.8408436157113266,-1.3779917638606973,1.478476023823688,-1.0555648700375722,-0.3257551312299554,1.271016127025149,-0.6697763277129438,0.0,0,1,0,0,0,0,0,0,0,0,0,0,Tidak Likuid,0
INPC,0.6509210828829022,0.951959174917199,0.6486323063301097,0.5646385730683192,-0.25710091280612324,0.8691433002602644,0.44542456462545976,-0.5897102604801977,2.051880953245282,1.6544961102294051,-1.8155393225774616,2.9429741315397795,0.06343577808254561,-0.3919062485136092,1.7298623143128895,0.0,0,0,0,0,1,0,0,0,0,0,0,0,Menengah,1
PDES,-0.3924334253849497,-0.6086002690764156,0.10359312604625671,-0.8053527846173957,0.051076675400179974,-0.612242486904827,-0.7883119837912334,1.0880032979377343,-0.5183793245229578,-0.7817697005535178,1.1933240331973867,-1.3234294926872503,-0.2570743825277494,0.5898190093345733,0.21436215047204368,0.0,0,1,0,0,0,0,0,0,0,0,0,0,Tidak Likuid,0
BINA,0.21064297419873257,0.1618030759235911,-0.10839650266911385,1.569396842170566,1.739111826112326,-0.5255355662488593,-1.0708426681563195,-0.5866241520398107,-1.6679897869446498,-1.3031803990273148,1.877879036923599,-1.3330417375806767,-0.3257551312299554,-0.19155415507520454,-0.25405251190057504,0.0,0,0,0,0,1,0,0,0,0,0,0,0,Tidak Likuid,0
INCI,-0.33387577760097603,-0.6684961757883013,-0.41593078640568676,-1.0194480118389109,0.5364430530716948,-0.7162344696308519,-0.484095704168253,0.1432276322910511,-1.2670314201756574,-0.7672761928358321,1.4918265174858407,-0.5511289996586457,-0.2570743825277494,0.229185241145445,1.7368258623164468,0.0,1,0,0,0,0,0,0,0,0,0,0,0,Tidak Likuid,0
BANK,0.7751945601894414,0.650990896515759,-1.0228891850604283,1.2104637317627742,0.748185379346974,0.6058749444877325,-0.015601646954983735,-0.6205405078212768,-1.1551089650926103,-0.6140300894670008,1.3870377370432827,-0.710620880590984,-0.3257551312299554,0.3493964972084877,-0.8512928123390032,0.0,0,0,0,0,1,0,0,0,0,0,0,0,Menengah,1
BRPT,1.4160379819175157,1.6918713375495387,-0.5339911367592713,2.1949778310272134,0.8540891824737321,1.404011593611416,0.826626703088872,-0.6224790526713139,0.27414998616993347,0.3015001824647532,-0.5825200049882119,2.6809120623705507,-0.3257551312299554,-1.0129977381726634,1.46640808151164,0.0,1,0,0,0,0,0,0,0,0,0,0,0,Likuid,2
VERN,0.30646694589675366,0.4600825677439718,0.5618476268278118,-0.2603996671169553,-0.41930872246935696,0.5071130345395095,0.4649690362258749,-0.545399396966493,0.5928794358432248,1.127920984887714,-1.1541846497288182,1.0640731779252601,-0.3257551312299554,-0.6581943219089914,-1.1420882557848868,0.0,0,1,0,0,0,0,0,0,0,0,0,0,Tidak Likuid,0
IKBI,-0.4581915345655533,-0.5396639248788911,0.7622960024600461,-0.34579689621369375,0.3016973560815527,-0.7775715397274813,-1.0150923161403298,0.6955256823597118,-0.5343576711093935,-0.4276102969576163,-0.039399536731042226,0.021532867041634863,-0.3257551312299554,-0.4119414578574496,1.694812456028318,0.0,0,0,0,0,0,0,1,0,0,0,0,0,Tidak Likuid,0
MTDL,0.725185941251265,0.6001676218630284,-0.9758701820405536,0.9661848889118693,0.5468933911078656,0.6344023135042743,0.16273986345878788,-0.6167468883823125,-0.7764570671961235,-0.37076266287905324,0.7821025064350026,0.3186573361541113,-0.3257551312299554,-0.4920822952328115,1.7614303985956827,0.0,0,0,0,0,0,0,0,0,0,1,0,0,Menengah,1
KEEN,0.4551447038406045,0.41948912888837653,-0.38794692468497116,0.4527809127939303,0.6381749869036873,0.25231798176355685,-0.010064804444647253,-0.6096665433214594,-0.8220735234862907,-0.47492590620730235,0.9467793192117009,0.2000190785163193,-0.3257551312299554,-0.23162457376288562,-0.7310555501442477,0.0,0,0,0,0,0,0,0,1,0,0,0,0,Likuid,2
BEER,-0.26145646510570314,-0.3192875374076974,0.5531976963485061,-0.2525856730375752,-0.3030755905570411,-0.26408886873468385,-0.8813974088353778,0.12445286359942268,0.6906094127030663,1.1416567687648895,-1.9362032233628501,-0.2858164892320565,-0.3257551312299554,-0.3518358298259283,-1.0147040721558136,0.0,0,0,1,0,0,0,0,0,0,0,0,0,Tidak Likuid,0
GDYR,-0.3481188122780792,-0.09986913656030261,2.078173866290539,-0.33130880001611646,0.9887256176187367,-0.9414662180026154,-0.9504813473662995,0.38552516104997175,-0.29901283934279993,-0.10714692288822059,0.20086378326774731,-0.09448134131816337,-0.2570743825277494,-0.6723991793273757,2.3756872891721352,0.0,0,1,0,0,0,0,0,0,0,0,0,0,Tidak Likuid,0
CSRA,0.2046358469576202,0.053749739208878704,-0.4668434696543938,0.16027467129696985,0.624636301038485,-0.0773193997920781,-0.39369072523443954,-0.5351898769367748,-0.6123034290469572,-0.11741042482931383,0.8481614336174266,-0.645105245947562,-0.3257551312299554,-0.25165978310672604,-0.7609988065595441,0.0,0,0,1,0,0,0,0,0,0,0,0,0,Menengah,1
TGRA,-0.4609060192720164,-0.7402136990189343,-0.043394271434974145,-1.2192684556743065,-1.2783627895128868,-0.11985654058688715,-0.5960254707153751,0.9190297086378413,0.5972157642961069,-0.9272115918395663,-1.3176802820698694,-0.780077614910217,0.3381587728913699,0.7300654747414564,-0.5363083243114296,0.0,0,0,0,0,0,0,0,1,0,0,0,0,Tidak Likuid,0
MMLP,0.4065175612604919,0.5052860346331747,0.18430922362155538,0.6059188481629522,0.44572297727197935,0.27864066543234095,-0.3076739254482693,-0.57883968746727,-0.29758535671626507,-0.14837685524683997,1.325323636702997,-0.004063980963487869,-0.3257551312299554,-0.4520118765451306,-0.3728970644946191,0.0,0,0,0,0,0,0,0,0,1,0,0,0,Menengah,1
OMRE,-3.6711332822442735,-1.8781432009836794,-0.26705484360679566,0.1095358829891639,0.3391861067776726,-3.3356983446828483,-1.1407127521560876,2.9951088860695534,-1.1761965625058455,-1.7669828667427423,1.2697528945329493,-1.4047853154405288,3.4974732131928485,2.6534455717501406,1.3909696448064361,0.0,0,0,0,0,0,0,0,0,1,0,0,0,Tidak Likuid,0
PTDU,-0.7314883313872643,-1.158611774340303,-0.22315868222252602,-1.7719242174705916,-1.5911796040550157,-0.3205352558588824,-0.6616997384301063,1.7256804060550737,0.6867339007291515,-1.1546858587631037,-1.8548651578983646,-0.8894027232363398,0.2465844412884284,1.1107344522744251,-0.8385263076658148,0.0,0,0,0,0,0,0,0,1,0,0,0,0,Tidak Likuid,0
SMSM,0.680790902000262,0.5656103490512138,-0.9033983976087923,1.1661090606067002,1.262342876483889,0.28266699457127764,-0.20337586872298152,-0.6178808795047745,-1.1232968764985776,-0.8194127470245204,0.8617158149519338,-1.1951852862313352,-0.3257551312299554,-0.9729273194849823,1.21711306298429,0.0,0,1,0,0,0,0,0,0,0,0,0,0,Menengah,1
SPRE,0.8627440030907092,0.8094196823144104,-0.9181094152661269,-0.9041050418613308,-0.14161240509375986,1.0895449152672947,3.068313807570834,-0.5417271364898208,0.6859381259320273,1.010512010035508,-2.324068400482416,-1.1961277035137396,-0.3257551312299554,-1.0731033662041847,-1.1409764092869854,0.0,0,1,0,0,0,0,0,0,0,0,0,0,Tidak Likuid,0
PURI,-0.08061734943718285,0.13123357448668918,1.4498776778146574,-0.7809572380345481,-0.12276861223281049,-0.1085449927510739,-0.07186754978868991,-0.23576421868793937,0.5876922395682149,1.102687972828374,-0.8276938196063269,0.33720402159485346,-0.3028615483292201,-0.7926104353904183,-0.8174035453883579,0.0,0,0,0,0,0,0,0,0,1,0,0,0,Tidak Likuid,0
PLAN,-0.3065190642140536,-0.45057125890382577,0.26509982092461704,-1.7459952242533536,-1.2582831234826886,0.045085629524870295,0.3788909342703218,2.55231760738842,0.8027320596929965,1.8539052677495653,0.3304175342474866,-1.2657688063054273,-0.3028615483292201,0.1089739850824023,-0.8190283732558545,0.0,0,1,0,0,0,0,0,0,0,0,0,0,Tidak Likuid,0
AMRT,1.354289184363576,1.4868660025552183,-0.9050033694091286,2.312468861114285,1.5007893834383976,1.0449296192586273,0.41360579215764554,-0.6224541433083496,-0.39160375777132805,-0.2508905373350856,-0.5397402798196396,0.7028345469262297,-0.3257551312299554,-0.952892110141142,0.17002756151606227,0.0,0,0,1,0,0,0,0,0,0,0,0,0,Likuid,2
MBTO,-0.11223065806135325,-0.02626131033226142,0.9364190388122338,-1.122513364767967,-0.5921408150540177,0.04353930405125168,0.2563418187684221,0.33942760698751323,-0.024134799977825992,1.2067497535183551,0.035185418760425774,0.35553622446699956,-0.3257551312299554,0.1290091944262427,0.001045463296406078,0.0,0,0,1,0,0,0,0,0,0,0,0,0,Tidak Likuid,0
BMAS,-0.710377498144945,-0.6710343465081372,1.7252637436847236,1.1066184129091368,0.4927614429720763,-1.1742728823423778,-1.138727806732596,1.778591742052556,0.28441219811675966,-0.9738631403390331,-0.5481534078562004,-0.7550871476545096,0.5670946018987235,1.1307696616182654,-0.2101821594781643,0.0,0,0,0,0,1,0,0,0,0,0,0,0,Tidak Likuid,0
AGRS,0.1725402667501869,0.1606666330423178,0.08779862350499636,0.5804627434870652,-0.7594988067301722,0.47963025356097627,-0.773698148781566,-0.5668716119668001,0.06624013186854692,0.22216407052360498,-0.5686790144617805,0.9961291970667456,-0.3257551312299554,0.3293612878646473,-0.3329727226075575,0.0,0,0,0,0,1,0,0,0,0,0,0,0,Tidak Likuid,0
PSKT,-0.29247995494404305,-0.5682502915531077,-0.26144785201571774,-0.5290925174805711,-1.2199972231577336,0.10619075427502205,-0.7528293269409178,0.7107386840210849,0.8424634259737748,-0.48772131318403666,-0.3886712148774302,-0.5355198224947868,-0.3257551312299554,0.20915003180160457,1.299747165959836,0.0,0,1,0,0,0,0,0,0,0,0,0,0,Menengah,1
ITIC,-0.1653999962762919,-0.49105678543949877,-0.5945522126498373,-0.6950951187860207,0.02247809599733517,-0.2723739084277497,-0.3835377816528894,-0.40936436016950567,-1.1154816317075547,-0.21669126383569687,0.4996999963151229,-0.5441576580546957,-0.3257551312299554,0.18911482245776393,-0.7171284541371332,0.0,0,0,1,0,0,0,0,0,0,0,0,0,Tidak Likuid,0
BEKS,0.23535034394065166,0.1201223190797309,-0.38281368259064635,0.14654706888283828,-1.3428829297588185,0.7993883092236196,-0.2997551616027047,-0.5387678867233672,0.43054477660138596,-0.6238848820401721,-0.8891919551497888,0.4618067709798772,-0.3257551312299554,0.5697837999907327,0.8067279673079817,0.0,0,0,0,0,1,0,0,0,0,0,0,0,Menengah,1
ALMI,-3.6711332822442735,-1.3103871268919403,-0.26705484360679566,-0.6064366999114263,-0.7172493006745614,-3.3356983446828483,-1.1407127521560876,2.2793372050533947,-0.6382016527504886,-1.567813781667912,0.5093612782693552,-1.3661874202996602,3.6806218763987317,2.372952640936374,1.190419462303987,0.0,1,0,0,0,0,0,0,0,0,0,0,0,Tidak Likuid,0
BSML,0.7748669202066694,0.6984127513868792,-0.8919573867258201,-0.7923502250488587,-0.5112021324339757,1.138756661801267,3.068313807570834,-0.6167537369856858,0.4619458943899986,0.643057124980839,-0.8564953624741423,0.32859425171886353,-0.3257551312299554,-0.7525400167027374,-0.9251064211767102,0.0,0,0,0,1,0,0,0,0,0,0,0,0,Likuid,2
MREI,0.0003736544513850785,-0.11960977115431339,-0.0842923563914878,-0.35694684126766596,0.8135626918591312,-0.4308374560339875,-0.3927276228550347,0.3837709882721627,0.09363710706318211,0.5465245585696519,-0.6364706093414148,0.10492439096677772,-0.27996796542848473,-0.6122935512958542,1.8118000624880803,0.0,0,0,0,0,1,0,0,0,0,0,0,0,Tidak Likuid,0
GLOB,-3.6711332822442735,-1.8812318085688933,-0.26705484360679566,-1.267324867548939,-0.7955312548433707,-3.3356983446828483,-1.1407127521560876,4.138872264278246,0.5145761801497234,-1.2949392304626521,-1.393306101669384,-1.3310982451059474,2.741984977468582,1.8720724073403625,-0.12522687383476563,0.0,0,1,0,0,0,0,0,0,0,0,0,0,Tidak Likuid,0
DKFT,0.9667450510736858,1.0560901052772713,-0.6024569352814345,0.13242175918427604,-0.028370597764459448,1.175059187727927,2.3035742744057695,-0.6188899411387875,0.8610927261589342,1.0678404717228052,0.3239066703218082,1.031560906501629,-0.3257551312299554,-0.9729273194849823,1.1154452621323538,0.0,1,0,0,0,0,0,0,0,0,0,0,0,Likuid,2
DART,-0.32377606963083433,-0.08403081787071638,1.9958242214572273,-0.31797264437553396,-0.238140421527,-0.35569938208446267,-0.9057148531469785,0.3712371875687286,1.5908379664964531,1.0714557196195782,-0.8775615844597514,-1.4030359559823444,-0.07392571932186652,-0.5521879232643329,1.7546989688589107,0.0,0,0,0,0,0,0,0,0,1,0,0,0,Tidak Likuid,0
TOSK,0.05940555903520866,0.6959340382226312,3.2197605095790167,-0.7301753090769375,-0.9534193421196354,0.4160807248885124,0.28264552557320693,-0.6196835005412522,0.9210170211082125,-0.2434201176474077,-1.6556371061927595,-1.1424579829980512,-0.3257551312299554,1.5314738484950747,-1.1068550240695547,0.0,0,0,0,0,0,0,0,0,0,1,0,0,Menengah,1
PBID,0.2727786316523014,0.056283966709250295,-0.7594357672337118,0.6519200258976047,0.45180420845382413,0.0956538140775665,-0.6587429500321671,-0.5911289145735659,-0.7922503275856935,-0.6226457713451774,1.1459115882001394,-0.42129306109498604,-0.3257551312299554,-0.07134289901216186,-0.5852852786031156,0.0,1,0,0,0,0,0,0,0,0,0,0,0,Tidak Likuid,0
MDLN,0.2309486726071722,0.12942445811629677,-0.32874617130007133,-0.2104773043131069,-0.9415281928120847,0.6323270676770739,0.14431658619326865,-0.6007509712414573,-0.6949027660718174,-0.5922425354946861,0.9660406249918325,-1.018472273589517,-0.3257551312299554,1.4112625924320317,1.5258303578086618,0.0,0,0,0,0,0,0,0,0,1,0,0,0,Menengah,1
MSKY,0.4144993013496805,0.5058738158072916,0.14316672730878227,-0.9913101929364116,-0.8048806722881225,0.7788137935939903,1.90969863622751,-0.594336600982617,0.6125616315379272,1.4218649978915807,-1.0754986033568374,1.3693003088629467,-0.3257551312299554,-0.3518358298259283,-0.12499475556798047,0.0,0,1,0,0,0,0,0,0,0,0,0,0,Menengah,1
AGII,-0.05446544552429977,-0.24506864987196808,-0.27082509901304985,0.6986286977909884,1.0577114559152148,-0.5946438888046688,-1.037174697874101,-0.42036171653197857,-0.9608853967516148,-0.7293029420787256,-0.6089573786658884,-0.40744146662394265,-0.3257551312299554,-0.7124695980150565,-0.4829211229508239,0.0,1,0,0,0,0,0,0,0,0,0,0,0,Menengah,1
WIKA,0.7121353653257392,1.0454217658473504,0.6900820815633527,1.047854828090857,-0.06948502481572896,0.8175928480303473,-0.12203999507130509,-0.6192710350178796,0.1763068622625676,-0.25063719677363344,-1.160910001981145,0.45575670655949574,2.009390324645051,0.7300654747414564,0.27308807196871004,0.0,0,0,0,0,0,0,0,1,0,0,0,0,Tidak Likuid,0
DLTA,0.07950610262162072,-0.15825304727818787,-0.6023583757673624,0.28305234372298493,1.354851198951216,-0.5278681371810615,-0.722768381850591,-0.5382047952980449,-1.149978178635302,-0.901255894106194,0.43607955452706615,-0.0395983145054642,-0.3257551312299554,-0.6323287606396948,2.2797504883271285,0.0,0,0,1,0,0,0,0,0,0,0,0,0,Tidak Likuid,0
SCMA,1.1149211997863364,1.2074651555656275,-0.7638902592753597,1.2101904226238598,-0.2418858457257818,1.4601412138266632,1.1654304972285265,-0.6219022658792662,-0.010661820913113625,0.17807906579120938,0.0753712784002255,1.073160666925057,-0.3257551312299554,-0.7124695980150565,0.7213084451310124,0.0,0,1,0,0,0,0,0,0,0,0,0,0,Likuid,2
LPKR,0.7287242844072646,0.886974749900774,-0.04748532394261748,0.8993157408360883,-0.6056001469023268,1.1219910589819808,0.2550684743138177,-0.6170989471110128,0.05528547771592495,0.5267820702657567,-0.28130995158165845,1.5788638221527027,-0.3257551312299554,-0.6523639699835352,1.2340576964596126,0.0,0,0,0,0,0,0,0,0,1,0,0,0,Likuid,2
BINO,0.20756412671041843,0.30964781797190055,0.4984176134235612,-0.5480343172422019,-0.3306742794644238,0.34010263864915874,0.5277989036611508,-0.5483010871068666,1.3587270619988912,1.0521176649403903,-1.5008881537711887,-0.3385224989516553,-0.3257551312299554,-0.4520118765451306,-0.9202319375742201,0.0,0,0,0,0,0,0,1,0,0,0,0,0,Tidak Likuid,0
NICK,-0.6970945902330912,-0.4722924001377203,2.5788095273914498,-0.39922855324375184,0.6200560631751949,-1.2360420176808582,-1.0988070408874755,1.8880370726086952,1.0580180897191964,1.0380581610776896,0.7832547640171134,-0.454645145019607,0.10922294388401628,-0.13144852704368332,-0.6177818359530496,0.0,0,0,0,0,1,0,0,0,0,0,0,0,Tidak Likuid,0
UCID,0.25523809231163674,0.151269426740849,-0.369045007348438,0.5411196902044122,0.6728797369788344,-0.049294224022943575,-0.648954490700633,-0.5738079897995177,-1.070949220651543,-0.7599248904471053,-0.7179959096916432,-0.04841406950600644,-0.3257551312299554,-0.17151894573136414,-0.7563564412238392,0.0,0,0,1,0,0,0,0,0,0,0,0,0,Tidak Likuid,0
CYBR,1.0306868469536477,0.9942671814292369,-1.0396686539757107,0.15579430673488745,-0.08093161878795709,1.1972541764957512,2.2655480944002506,-0.6203861660625749,0.21749854704681384,0.870680433110739,0.9735776576884059,-1.4296281780821058,-0.3257551312299554,-0.992962528828823,-1.0643773812478554,0.0,0,0,0,0,0,0,0,0,0,1,0,0,Likuid,2
SMGR,1.2218000965441773,1.2958259460424848,-0.9321602429954104,1.4506621513076334,1.524336934701588,0.8399906961847988,1.1529980953960492,-0.6221824463362177,-0.17216713215747828,-0.22279958336470548,-0.830824253179622,1.9245609111567241,-0.3257551312299554,-1.173279412923387,1.6558165872083972,0.0,1,0,0,0,0,0,0,0,0,0,0,0,Likuid,2
WEHA,0.23393348094121239,0.17874503720669,-0.16425501649991925,-0.8797895159792302,-0.4771725477497286,0.4553868859934881,1.1802759764720188,-0.568621211802866,-0.6690787804445952,-0.3575290596608128,-0.35143269036917557,-0.06948177865464597,-0.3257551312299554,-0.3919062485136092,0.30813793025328157,0.0,0,0,0,0,0,0,0,0,0,0,0,1,Menengah,1
BUKK,-0.31975426589804984,-0.6947269169470437,-0.5697107016356369,0.40956476854864354,0.7843882926681387,-0.8119254607528162,-1.0873616492910092,0.0033793492745987637,-1.098365223149047,-0.6905302934625981,0.7649525926472576,-0.664181562989114,-0.3257551312299554,-0.25165978310672604,-0.3768430750299682,0.0,0,0,0,0,0,0,0,1,0,0,0,0,Tidak Likuid,0
HBAT,-0.35621235006389024,-0.4447865899958437,0.5709301409957211,-1.5466311998812048,-1.1021934954947206,-0.008344623373067829,0.1432393046745459,1.1489699207559847,0.44035375200398513,1.5973922748366283,0.6262711910303093,-0.5942392409763919,-0.3257551312299554,0.1490444037700831,-1.0641452629810704,0.0,0,0,0,0,0,0,0,0,1,0,0,0,Tidak Likuid,0
STAR,-1.0289222812949799,-1.1053077517380272,1.733271230873217,-0.6852617311317813,-0.9534193421196354,-0.9659858043116426,-1.1242091622139991,1.2494360854703284,0.3752852036798203,-1.3053811210836197,-1.3707409922537452,-0.5484483605420775,0.2694780241891638,1.7518611512773197,-0.040967942991722774,0.0,0,0,0,0,1,0,0,0,0,0,0,0,Tidak Likuid,0
KAEF,0.39098520376861434,0.43646532881524197,-0.002391252704804576,0.5969909432779181,0.5647630401650363,0.2067970525597155,-0.34147939529024596,-0.5996840348482795,0.3895148053964446,0.4435208374770986,-1.0963323490542922,0.6383595130345304,-0.11971288512333722,-0.4319766672012902,0.8088170317090488,0.0,0,0,0,0,0,1,0,0,0,0,0,0,Menengah,1
CFIN,0.4789693194599245,0.3940479311638521,-0.5842809320406024,0.12118459488099927,0.16928774138130454,0.4659494898334652,0.47814700491380857,-0.6086743245675353,-0.6671313324562341,-0.5757181222227992,0.05774135288082942,0.43725640459953236,-0.3257551312299554,-0.6723991793273757,1.728933841245749,0.0,0,0,0,0,1,0,0,0,0,0,0,0,Menengah,1
RISE,0.2039365123293928,-0.0031490919136066566,-0.6512290696369014,0.9810676409169001,0.6358786853885372,-0.06939630926592005,-0.9319323439366571,-0.5818015048345245,-1.890062508211597,-1.4749827435706975,1.7647550566440728,-1.2916778176361687,-0.3257551312299554,1.7318259419334792,-0.6335658780944461,0.0,0,0,0,0,0,0,0,0,1,0,0,0,Menengah,1
PNGO,-0.4311899170760945,-0.49122222885464367,0.81212404720825,0.16080371586030615,1.2154972744580443,-1.126892560467432,-1.087696869721476,0.46973801080732336,0.1316564346640617,0.3711503242426824,0.16020884049167833,-0.14623387198083931,-0.3028615483292201,-0.8727512727657801,-0.8155465992540759,0.0,0,0,1,0,0,0,0,0,0,0,0,0,Tidak Likuid,0
CRSN,-0.1275124849602427,-0.11348765366317602,0.648647694618653,-0.5666339325143094,-0.49964754534842454,-0.02608211159909794,-0.4620647488810154,-0.21800284445799528,-0.019991873736250592,0.9938151525033223,0.3169205608541097,-0.6128524918106805,-0.3257551312299554,-0.3919062485136092,-1.0576459515110834,0.0,0,0,0,0,0,0,1,0,0,0,0,0,Tidak Likuid,0
ALII,0.5571598400076492,0.40289064098260646,-0.8849665130311279,0.9032973746744406,0.31242760466699887,0.5096138688355367,-0.2730903280661272,-0.5909870134633518,-0.579094185442693,-0.01672317981609297,1.0143258161940807,-0.36787355719666565,-0.3257551312299554,-0.6924343886712161,-1.1068550240695547,0.0,0,0,0,1,0,0,0,0,0,0,0,0,Menengah,1
DIGI,-0.6584924692534879,-1.070530389813593,-0.26620848213706033,-1.7625124082314,-1.6261819847301953,-0.2022940148206359,-0.5105307990067929,1.3639631931163387,0.30898042724318653,-0.5076232653891961,0.4277378160839415,-0.47044733882729334,-0.3257551312299554,1.4312978017758726,-0.6500462750361983,0.0,0,1,0,0,0,0,0,0,0,0,0,0,Tidak Likuid,0
CTBN,-0.8099570144706305,-0.9922218718654612,0.8882054710059255,0.3426400147553155,1.4303238086510521,-1.736255880551805,-1.135728153494125,2.3513103010150362,0.9985106643113021,-1.182985622295281,0.4196837237940278,-0.23964028695934003,0.6815625164024002,0.04886835705088083,1.7920700098113345,0.0,1,0,0,0,0,0,0,0,0,0,0,0,Tidak Likuid,0
OPMS,0.1493425906176335,0.21075345780691052,0.4183312963163737,-1.2965231973274736,-0.7683101090721839,0.45717091697730994,1.4748050265042798,-0.5697276292984057,0.7500975348369342,0.8222332733985844,-1.1309563752644411,-0.5877139376259285,-0.3257551312299554,0.6899950560537756,-0.7359300337467378,0.0,1,0,0,0,0,0,0,0,0,0,0,0,Menengah,1
GEMA,-0.39836094570240294,-0.21838746150741453,1.8445108058776862,-0.64497658293135,-0.238140421527,-0.4943050767554801,-0.8765997448508219,1.4897991263417034,0.10352168537901693,0.7473265789517106,-1.9894472208172098,-0.1526569633505163,-0.1883936338255433,-0.3318006204820879,0.7150412519278109,0.0,0,1,0,0,0,0,0,0,0,0,0,0,Tidak Likuid,0
BBRI,1.5663872500247509,1.799436429865299,-1.025034472307427,2.568010533876095,1.7435322611935868,1.5675135380058072,1.0623397679947446,-0.6226261738919607,-0.6529812872892533,-0.8249142307787268,0.0057817343839817814,1.875581006722418,-0.3257551312299554,-1.1532442035795465,0.6094274405405257,0.0,0,0,0,0,1,0,0,0,0,0,0,0,Likuid,2
MYOR,1.0649212755151038,1.0650728454243084,-0.9761251673668877,1.9527233879959307,1.42540708253955,0.6976776470340559,-0.05626533886818026,-0.6217868885772544,-0.6974885758661842,-0.4623605860688101,0.1436412357734822,0.4161705050270241,-0.3257551312299554,-0.7926104353904183,1.7414682276521518,0.0,0,0,1,0,0,0,0,0,0,0,0,0,Likuid,2
MLIA,0.5128391635437871,0.27391283086482643,-1.0694492200437613,0.36075107886780466,0.16156051017658452,0.5177639076759798,0.2705761744875738,-0.6155007598094157,-1.3588033645364745,-1.0486511520689183,0.7402148291155857,-0.2942753580874999,-0.3257551312299554,-0.19155415507520454,1.441339308698834,0.0,0,0,0,0,0,0,1,0,0,0,0,0,Menengah,1
SMAR,0.04525397726639722,-0.1694340543812359,-0.48395121247451545,1.1400434242235409,1.6552455079815849,-0.7123655876368363,-1.0693107165367859,-0.5182383296974724,-1.0512836998032484,-0.6859348897320244,0.9425285482809131,-0.7866878618845401,-0.3257551312299554,-0.5922583419520138,1.539525335548991,0.0,0,0,1,0,0,0,0,0,0,0,0,0,Menengah,1
MCOL,0.13586838872139811,-0.1257658723921584,-0.743157291193724,1.4109719329161052,1.8667915705632139,-0.6753251987753123,-1.0739080080322543,-0.5466145525393487,-1.5131347835927385,-1.0295383331787786,0.5445221542876875,-1.1650459767797547,-0.3257551312299554,-0.4520118765451306,-0.901894594498186,0.0,0,0,0,1,0,0,0,0,0,0,0,0,Tidak Likuid,0
BEBS,-0.1741005451341174,-0.4439603725365273,-0.3956057941536526,-0.7165431578601958,-2.0156455723693787,0.6995530981104736,-0.42689608825472125,-0.11731436490073212,2.069455036185688,0.7811512613136495,-0.9023060356809424,-0.8442931820014866,2.032283907545786,2.332882222248693,-0.8598811882100571,0.0,1,0,0,0,0,0,0,0,0,0,0,0,Tidak Likuid,0
HMSP,0.9670381717701502,1.0073383253941943,-0.7569630390803683,2.087864974156198,0.586997731585133,0.9147045022424276,-0.47921671379010294,-0.621672843515073,-0.6114731127194987,-0.6265492168249218,0.2826992025083216,0.4714385149657679,-0.3257551312299554,-0.29173020179440695,1.7317192604471714,0.0,0,0,1,0,0,0,0,0,0,0,0,0,Likuid,2
MAIN,0.6856498400747597,0.6006008413901933,-0.8216239058198281,0.2640564473582551,0.701712396699799,0.5118230154214319,1.024101549291121,-0.615986317972574,-0.29413846445470937,-0.1319420538016008,0.18739435762595597,1.2382126836071168,-0.3257551312299554,-0.9328569007973015,0.41839410697627155,0.0,0,0,1,0,0,0,0,0,0,0,0,0,Menengah,1
INET,1.071644980419535,1.16784573087816,-0.7036379666520686,-0.20048116745789088,-0.619361960825204,1.5596687464454864,3.068313807570834,-0.6199166744772703,1.811623271964717,1.6236642513791455,-0.2740911394674159,0.9729499361081991,0.040542195181810244,-0.29173020179440695,-1.060895607246077,0.0,0,0,0,0,0,0,0,1,0,0,0,0,Likuid,2
FWCT,0.1872227808553497,0.11755251893554375,-0.1540602491410618,-0.6703469860282384,-0.366443566874168,0.33170483692710795,0.6416299690381436,-0.5647635856463914,0.13921796505495707,1.208186148052059,-0.15618387493478786,-0.9178021805767665,-0.3257551312299554,-0.7926104353904183,-1.02073914709223,0.0,1,0,0,0,0,0,0,0,0,0,0,0,Tidak Likuid,0
ARTI,-3.6711332822442735,-5.467736899185445,-0.26705484360679566,-1.8822762912134383,-2.0156455723693787,-3.3356983446828483,-1.1407127521560876,-0.4882839576263857,-2.3868281524080426,-1.961306506314271,2.17950288914013,-1.2817750407614068,5.077130433343588,3.2745370614091946,0.6544583842968629,0.0,0,0,0,1,0,0,0,0,0,0,0,0,Tidak Likuid,0
EPMT,-0.25439116403412704,-0.516170650867555,-0.2616395148589978,0.9056093375527438,1.3950477086511304,-0.9634259834075816,-1.1114105021767422,-0.1359618923795705,-1.4739561146903994,-1.2150026859711427,1.0743854700050735,-0.7681951489489143,-0.3257551312299554,-0.17151894573136414,1.395844128408926,0.0,0,0,1,0,0,0,0,0,0,0,0,0,Tidak Likuid,0
TIFA,-3.6711332822442735,-1.4725928644169781,-0.26705484360679566,0.3526121376365132,0.5311502375168003,-3.3356983446828483,-1.1407127521560876,2.4533976157024195,-0.8844374436188464,-1.5538376830847855,0.2736971245882029,-1.4984423504354885,3.0396015551781415,2.413023059624055,-0.039807351657796496,0.0,0,0,0,0,1,0,0,0,0,0,0,0,Tidak Likuid,0
COAL,-0.07787372875291312,-0.4054613596086508,-0.7034773878799444,-0.703263068343924,-1.1336042239530792,0.32706743183822007,-0.1525914094532556,-0.3725761164922619,-0.17319833840719645,-1.0561105466982104,0.18249070585607513,-1.085847988322768,-0.3257551312299554,0.5898190093345733,-0.9866177618747994,0.0,0,0,0,1,0,0,0,0,0,0,0,0,Menengah,1
TRIM,0.15837941504333036,0.032973050392003836,-0.318508387445879,0.4427173952011352,0.22080909751749128,0.05361162321432498,-0.6973454180514136,-0.39014590957606865,-0.56228266788779,-0.27001434292174986,1.332816437162972,0.3756488714314719,-0.3257551312299554,-0.5722231326081734,0.9295185304373748,0.0,0,0,0,0,1,0,0,0,0,0,0,0,Tidak Likuid,0
IBOS,0.24290530354831727,0.2681257544718219,0.13173666776259602,-0.566716153971349,-1.1176974868302512,0.7697348006907693,0.8176335146711057,-0.46866861796642156,0.5669814052345308,1.4474598485993082,-2.498905840106317,0.24601836068502203,-0.3257551312299554,-0.13144852704368332,-0.9552817958587918,0.0,0,0,1,0,0,0,0,0,0,0,0,0,Menengah,1
CAKK,-0.1466501644777254,-0.25014525424536693,0.19108590801006167,-0.8465318963469739,-0.317781699111926,-0.11918565489180061,-0.2013078409110824,-0.06663565108211665,-0.45576545424708836,0.19185404186232954,0.3829483681933003,0.2910427813875971,-0.3257551312299554,-0.3718710391697687,-0.6600273605079636,0.0,0,0,0,0,0,0,1,0,0,0,0,0,Tidak Likuid,0
MYOH,0.0550285705877847,-0.23523613547549277,-0.7395563251976519,0.6327221559777215,1.1759986833736982,-0.4801024935759919,-0.9309669295629447,-0.5237125617791717,-0.8267634841556473,-0.5450994893434697,1.0596342939234584,-1.1796827326550172,-0.3257551312299554,0.008797938363200024,0.8882014789496017,0.0,0,0,0,1,0,0,0,0,0,0,0,0,Tidak Likuid,0
BATR,0.11773324851338961,0.0436359978961225,-0.07438433996770999,-0.687336267740706,-0.6777275271803577,0.3813995671346165,0.44138882628046283,-0.49675450067083193,0.04079498434274853,0.4090211026132936,0.5945725849464356,-0.4751110505227269,-0.3257551312299554,0.2692556598331258,-1.135637689150925,0.0,1,0,0,0,0,0,0,0,0,0,0,0,Tidak Likuid,0
BJTM,0.7576799706749556,0.7062002878468973,-0.8008543303077477,1.0204596431148585,0.49839510687738664,0.694550215447183,0.19017187620293605,-0.6208123426440978,-1.2012115240815755,-1.0512718039421391,0.9372968302122514,0.3895198993458745,-0.3257551312299554,0.08893877573856164,-0.1256911103683361,0.0,0,0,0,0,1,0,0,0,0,0,0,0,Menengah,1
JAST,-0.0010596392348435593,0.12750129183986822,0.9434733879132098,-1.343593325441862,-0.8746572821265374,0.30553927305133566,0.9680855202849385,0.40440976068746126,0.5634730923291185,0.44649213647753155,0.5737182388386237,0.033844006404613956,-0.3257551312299554,0.16907961311392353,-0.7057546590646564,0.0,0,0,0,0,0,0,0,1,0,0,0,0,Menengah,1
MTSM,-3.6711332822442735,-0.6612330115448519,-0.26705484360679566,-1.035888777487879,0.44572297727197935,-3.3356983446828483,-1.1407127521560876,2.004567476660645,0.6339351823390066,-1.4865312869523801,-1.003348951248846,-0.35911612750244554,2.6275170629649054,1.491403429807394,1.613106826119913,0.0,0,0,0,0,0,0,0,0,1,0,0,0,Tidak Likuid,0
INCF,-0.5496809747611231,-0.9693243868124857,-0.43476171604391695,-1.6672911992573065,-1.4410727516827442,-0.1460487878694202,-0.3506237769352242,1.3161854075326014,0.2497078977975605,-0.7885768222377733,-0.039399536731042226,-0.7240361855986422,-0.3257551312299554,1.0506288242429038,-0.4778145210815485,0.0,1,0,0,0,0,0,0,0,0,0,0,0,Tidak Likuid,0
ESSA,1.0426077852700706,1.1243289445764815,-0.715355916210981,1.2794747224753213,0.7349911951000314,0.9958196919429595,0.9057228985258075,-0.6213544961459284,-0.13985998010947873,0.10731282148616617,-0.3266178710443157,0.500207255997799,-0.3257551312299554,-0.7926104353904183,-0.08808795114912689,0.0,1,0,0,0,0,0,0,0,0,0,0,0,Likuid,2
IDPR,-0.3101407624146331,-0.5528344212504662,-0.11529970242046961,-0.5072346894662413,-0.20189463951597714,-0.37734516847883315,-0.8204539347611274,0.9013917846097118,-0.1870805844480203,0.6590988974885813,0.9529739100153612,-0.30356821401065487,-0.3028615483292201,-0.8527160634219397,-0.41491047078274795,0.0,0,0,0,0,0,0,0,1,0,0,0,0,Tidak Likuid,0
HYGN,0.05693578339567595,-0.18211778786001065,-0.5794530553408693,-0.5116171389934187,-0.34829779637024266,0.1500284057958371,-0.024931645275582028,-0.3785746862126952,-0.6987358925933704,-0.050432468233139426,1.0773990352306073,-1.0230141080412547,-0.3257551312299554,-0.4319766672012902,-1.1082477336702663,0.0,0,0,0,0,0,0,1,0,0,0,0,0,Tidak Likuid,0
GMFI,-0.11888993621892471,-0.4131042710559321,-0.547615928084811,0.21975876004018646,-0.8961463272541347,0.18796648368489347,-0.922053797094904,-0.2509058712363757,-0.09981624732987851,-1.0885539525390395,-0.3206688583203456,0.3075994453563612,-0.3257551312299554,0.44957254392768997,-0.5704297095288602,0.0,0,0,0,0,0,0,0,1,0,0,0,0,Menengah,1
PCAR,-1.2604099930257533,-0.7572646898459946,4.379275210674794,-1.3708431013137106,-0.9534193421196354,-1.2672569213322384,-1.1197227399487368,-0.32472370721919724,-0.41983445676335424,-1.7788397195548964,-0.7050702644923937,-1.3778583867732759,-0.051032136421131157,2.6334103624063,-0.5889991708716795,0.0,0,0,1,0,0,0,0,0,0,0,0,0,Tidak Likuid,0
JMAS,0.16788385237280842,0.35391698337115385,0.9222616778265641,-0.9552430362514602,-0.341629400739715,0.304582376392112,1.024421364521185,-0.27782424244103116,1.2703690098317337,1.0606805278855727,0.06320866793352088,0.9121404628099773,-0.051032136421131157,-0.472047085888971,-0.5864458699370418,0.0,0,0,0,0,1,0,0,0,0,0,0,0,Tidak Likuid,0
MTPS,-0.6465298595041019,-0.5583156493735735,1.8433113416321891,-1.7064537432878424,-1.70282875782725,-0.20143607019130913,-0.61173798868648,2.9813773330721185,1.178776126102822,-0.29404332017644474,-0.8462731461387407,-0.021190464210338572,-0.3257551312299554,0.44957254392768997,-0.6973984014603877,0.0,0,0,0,0,0,0,0,1,0,0,0,0,Tidak Likuid,0
MTMH,0.8766719864592776,0.7406978669951437,-1.0910413879419305,0.3351564118193362,0.8398066627523318,0.6887905025988769,1.608730718071969,-0.5934021732235981,-0.7872338714768227,-0.6375123981921599,0.7377050573515928,-0.1942257323555894,-0.3257551312299554,-0.15148373638752374,-0.9541212045248655,0.0,0,0,0,0,0,1,0,0,0,0,0,0,Tidak Likuid,0
TGUK,-0.4458433613277377,0.3948596115745836,4.379275210674794,-0.80031569553968,-0.9184169614444554,-0.2283607032508571,-0.8202582530150658,-0.6128790393262542,0.776941428061495,-0.6115923857807841,0.5387651798691928,-0.2386434735327029,0.7044560993031356,2.1525653381541288,-1.0576459515110834,0.0,0,0,1,0,0,0,0,0,0,0,0,0,Tidak Likuid,0
BHIT,0.21689866421254414,0.0029161147153500353,-0.6881095230821749,0.4975036172842257,-1.2199972231577336,0.7347587847327225,-0.6426951142855906,-0.5350448522460614,-0.018166847428943898,-0.9471034056566924,-0.926960507079511,1.0161317170533197,-0.3257551312299554,0.6298894280222541,1.114748907331998,0.0,0,0,0,0,0,0,1,0,0,0,0,0,Tidak Likuid,0
RAFI,-0.2750615751176006,-0.6300571859888644,-0.558192092276628,-1.1914573294549125,-1.320612295568498,0.12594148222766582,-0.20275842568665117,0.03522008454803946,0.013075857685990126,-1.0256581986913758,-1.2341931506616732,-0.675334944105674,0.22369085838769312,1.150804870962106,-0.9789578590708863,0.0,0,1,0,0,0,0,0,0,0,0,0,0,Tidak Likuid,0
FISH,-3.6711332822442735,-0.7476152406235322,-0.26705484360679566,0.7834226380044942,2.273652149688548,-3.3356983446828483,-1.1407127521560876,0.19316787032062388,-1.0458357200632362,-1.8397174069959539,1.0042367737422633,-1.380669356841591,3.3830052986891714,2.292811803561012,0.7628576148855709,0.0,0,0,1,0,0,0,0,0,0,0,0,0,Tidak Likuid,0
ABMM,0.8074226257021748,0.9390326119081328,-0.254795633118868,1.0947380456637181,1.6239329530060487,0.2959779064491691,0.28024692327872913,-0.6205834405067364,-0.7692106654714721,-0.7410242500826092,-0.09035554233559931,0.6960107376353638,-0.3257551312299554,-1.0731033662041847,-0.07485720994236816,0.0,0,0,0,1,0,0,0,0,0,0,0,0,Menengah,1
BMSR,-0.3171860233594015,-0.6189777471910212,-0.3222126667874328,-0.48185368500589454,0.16350147835466222,-0.5144020272597836,-0.8166866729911985,0.5533887945060275,-0.751908570118575,-0.15980622040179815,0.2890971911213941,0.14093659344816403,-0.3257551312299554,-0.25165978310672604,0.9371784332412879,0.0,1,0,0,0,0,0,0,0,0,0,0,0,Tidak Likuid,0
FIRE,0.32976171760593936,0.22965161274728155,-0.4509919696525661,-0.9941989901560804,-0.6263606078303403,0.6238811826131291,1.6751627281226196,-0.5832746963236554,-0.09538070721996102,0.49199087354471194,-0.049305351132252775,0.6490805002970048,-0.3257551312299554,-0.3718710391697687,-0.5418791627142755,0.0,0,0,0,1,0,0,0,0,0,0,0,0,Menengah,1
LIFE,-0.4035459711903545,-0.4818728542057383,0.689010954003049,1.26862948748775,2.0093885852762896,-1.4217589924266223,-1.1342594425856984,0.6382941714477895,0.9122440786884835,0.43021351404013464,-0.44814472044415254,-1.0147487081243354,0.2694780241891638,-0.17151894573136414,-0.7182890454710594,0.0,0,0,0,0,1,0,0,0,0,0,0,0,Tidak Likuid,0
PSAB,1.3266743002009287,1.4567734117148754,-0.8831403049385688,0.9958077206924371,0.11513095411925978,1.5675135380058072,2.3380274304469655,-0.6222932488875264,1.1389164666034144,1.2206853176717705,-0.44529632195137825,0.9056150232342324,-0.3257551312299554,-0.9128216914534611,0.6563153304311448,0.0,1,0,0,0,0,0,0,0,0,0,0,0,Likuid,2
IFII,-0.25598164861875644,-0.3599129760022194,0.3527380351944908,0.32736972127580394,-0.09554746646162421,-0.3664823441166245,-1.0577444290045166,-0.06018082029271182,0.07141102309168808,0.5783693729714728,0.5413870042687947,-0.49705154985834415,-0.3257551312299554,-0.3718710391697687,-0.7540352585559867,0.0,1,0,0,0,0,0,0,0,0,0,0,0,Tidak Likuid,0
RBMS,-0.6694293139159961,-1.090907564670762,-0.28572483184648,-1.2530955994216246,-1.2991232504409003,-0.3483648381110958,-0.8627286911692676,1.8519514348910344,-0.11719938206925508,-0.7794576577790057,0.3848023976266818,-1.4835816808889417,-0.07392571932186652,0.9504527775237014,1.1089459506623671,0.0,0,0,0,0,0,0,0,0,1,0,0,0,Tidak Likuid,0
ROCK,-3.6711332822442735,-1.690389796083664,-0.26705484360679566,-0.4354294737454885,0.09161628710391825,-3.3356983446828483,-1.1407127521560876,3.8622501343597464,-0.08586918137923512,-1.8428848262125719,-0.42641740170857195,-1.3115391456873913,2.581729897163435,2.453093478311736,-0.8178677819219282,0.0,0,0,0,0,0,0,0,0,1,0,0,0,Tidak Likuid,0
SURI,0.7379027321834232,0.7754068914077339,-0.4947531476659513,-0.41259575157238215,-0.7817694409204929,1.1856172557654179,2.244086250796645,-0.6073965659237639,0.7283723486546667,0.8262932520803135,-1.1127710354248204,-0.455958243449716,-0.3257551312299554,0.5297133813030518,-1.09246369152887,0.0,0,0,0,0,0,1,0,0,0,0,0,0,Menengah,1
ASSA,0.734817149969749,0.6860691964575236,-0.7673525207983329,0.4768274975884387,0.6643861896210085,0.6136722396993253,0.9465912043169344,-0.6172680172760381,-0.3089848394159614,-0.16489878763239071,-0.20581721867137995,1.9484904145953088,-0.3257551312299554,-0.6723991793273757,-0.15424165718292093,0.0,0,0,0,0,0,0,0,0,0,0,0,1,Likuid,2
INPS,0.06714006723043472,0.20985027390750915,0.8951318875326729,-1.2381690732392006,-0.43455535933692085,0.19750509288941487,1.0353323564700616,-0.38507701664637695,1.2313446317739198,1.4777270814407408,-0.4292067196543562,-0.6751184527101917,-0.3257551312299554,-0.5722231326081734,-0.6117467610166333,0.0,0,0,0,1,0,0,0,0,0,0,0,0,Tidak Likuid,0
MENN,0.27327814942237744,0.3277120172430587,0.20348549639552518,-1.3611377448388882,-1.0650684958918697,0.7669457506561058,2.1323823684000556,-0.1374698634429822,1.392058461679484,1.165467324162473,-0.8714879464327318,-0.016934298613890682,-0.3257551312299554,-0.4520118765451306,-1.0383801353679083,0.0,0,0,0,0,0,0,0,0,0,1,0,0,Tidak Likuid,0
PTPP,0.9836501235907613,1.0744633788548785,-0.6178728113211486,0.4490873576545155,0.31242760466699887,1.0707709686736413,1.910133370092257,-0.6200369219459029,0.26087380122300213,0.28694382378679206,-0.7667575933444137,2.8474444219305526,-0.3257551312299554,-1.0931385755480252,0.07950143746981787,0.0,0,0,0,0,0,0,0,1,0,0,0,0,Menengah,1
SIPD,-0.8532838275279002,-1.0681850612759842,0.8154386432064317,0.20261165360418165,0.7444445311378172,-1.4373473738596578,-1.133779505722773,1.7318556807128045,-0.7594686753570498,-0.7698061528562418,0.3032251025578887,-1.3687239396737914,0.38394593869284066,0.1490444037700831,1.1918121719046983,0.0,0,0,1,0,0,0,0,0,0,0,0,0,Tidak Likuid,0
SFAN,0.25236797734650157,-0.08846208161595709,-1.0843156031714043,0.4536397285218763,1.246020616313716,-0.2684971336171449,-0.544470189443116,-0.6169243130829619,-2.14032968593958,-1.7852296694306935,2.075119038460706,-0.953940994170586,-0.3257551312299554,0.4095021252400092,-0.7136466801353547,0.0,0,0,0,0,1,0,0,0,0,0,0,0,Tidak Likuid,0
CTRA,1.1554789443382252,1.181639714054499,-0.9959809229332366,1.4142831579897128,0.860331590733766,1.0421702630486906,0.9849896834012789,-0.6219469500771148,-0.45974607061763634,-0.179421599891971,-0.5250312064501774,1.1961259690153008,-0.3257551312299554,-1.0129977381726634,1.425091030023867,0.0,0,0,0,0,0,0,0,0,1,0,0,0,Likuid,2
SMIL,1.2354072323011944,1.2604034079004132,-1.0757950088755452,0.34121055222825963,-0.03369563086230561,1.5019625347118943,2.9626396925250154,-0.6215708474060953,1.814996109960008,1.326380803431058,-1.7460143806729407,0.8334432072378043,-0.3028615483292201,-0.8527160634219397,-1.0439509737707542,0.0,0,0,0,0,0,0,1,0,0,0,0,0,Likuid,2
MGRO,0.7879450229916686,0.64946554898678,-1.071963387994831,0.4342107271340419,0.6336952672373134,0.6717589168573541,1.1437166156589427,-0.6203572479470164,-1.1382432993156784,-0.6703320844286568,1.4860958810553884,-0.8180598104043103,-0.3257551312299554,-0.4520118765451306,-0.6342622328948018,0.0,0,0,1,0,0,0,0,0,0,0,0,0,Menengah,1
BAJA,-0.09988679610315075,0.10860823936553009,1.4670474214413411,-0.824699263124716,-0.5349866733224464,0.03678995227222238,-0.08533833558482883,-0.36078169639394114,0.6223039345479509,1.335564122200268,0.057074481785095735,-0.27365201985599286,-0.3257551312299554,0.008797938363200024,-0.07833898394414668,0.0,1,0,0,0,0,0,0,0,0,0,0,0,Tidak Likuid,0
ETWA,-3.6711332822442735,-5.467736899185445,-0.26705484360679566,-0.5356221252026945,-0.7508124916214783,-3.3356983446828483,-1.1407127521560876,-0.4882839576263857,-2.3868281524080426,-1.961306506314271,2.17950288914013,-1.2817750407614068,5.077130433343588,3.2745370614091946,1.1593156145547645,0.0,1,0,0,0,0,0,0,0,0,0,0,0,Tidak Likuid,0
NISP,0.9041936485182209,0.88426136751615,-0.866676692058324,1.6602193861098575,1.0463582396045088,0.6479547809047976,-0.17699425146049774,-0.6218948749612038,-1.4664690825884064,-1.1340161985094404,1.3648708796419722,-0.285284866186541,-0.3257551312299554,-0.5321527139204925,1.377274667066107,0.0,0,0,0,0,1,0,0,0,0,0,0,0,Likuid,2
LCKM,-0.6393562621837526,-0.8873584933247908,0.3415919113889532,-0.62817318538069,0.06942636130877425,-0.9034848297366499,-1.044663014647876,1.8980735026927291,0.4876190913530605,1.234553784557414,0.006533156798138071,-1.003591502794029,0.040542195181810244,-0.472047085888971,-0.5931772996738138,0.0,0,0,0,0,0,0,0,1,0,0,0,0,Tidak Likuid,0
KPIG,1.0505456797810495,1.1635463854553412,-0.6258521855501908,1.31025738704471,-0.2846722873243529,1.3859875854828911,0.7465905464015947,-0.6207362707668044,0.7414611303153871,0.9964025886993794,-0.8462731461387407,1.8994549773778107,-0.2570743825277494,-0.5922583419520138,0.9158235526970455,0.0,0,1,0,0,0,0,0,0,0,0,0,0,Likuid,2
RSCH,0.5274412776248287,0.3741918449179264,-0.8504936893503343,-0.04981388935696868,0.20290212140687,0.5016946931600165,0.8698976528478009,-0.5718112632349696,0.09167033297870208,0.30693209139139666,-0.08355679893743344,-0.3956752350989118,-0.3257551312299554,-0.7725752260465779,-1.0690197465835605,0.0,0,0,0,0,0,1,0,0,0,0,0,0,Menengah,1
SLIS,-0.06461094542732533,-0.17556515131118036,0.04232127763497515,-1.0086001777873637,-0.9534193421196354,0.2329607525881492,0.19240401108573899,-0.6073562394716037,-1.4942501725315718,-1.185727335212805,1.3333112860536658,-1.2979262796739757,-0.3257551312299554,2.2527413848733313,-0.7391796894817312,0.0,0,1,0,0,0,0,0,0,0,0,0,0,Menengah,1
NAYZ,0.019649399657766346,-0.051323052719150365,0.07711085451116118,-1.076346690635432,-1.0579061341557725,0.39981155725950646,0.6111564467950329,0.11551706369636656,1.1116546204672428,1.2222935215360369,-1.944444053679647,-0.05261688962844566,-0.11971288512333722,-0.15148373638752374,-1.0218997384261561,0.0,0,0,1,0,0,0,0,0,0,0,0,0,Menengah,1
TIRT,-3.6711332822442735,-0.4899033427410994,-0.26705484360679566,-1.501844996074145,-1.03006611521669,-3.3356983446828483,-1.1407127521560876,1.3536633307494013,1.0635870499320146,-1.0611998438517656,-2.2095348763193305,-0.1716138468655078,2.3985812339575516,1.1307696616182654,0.9408923255098517,0.0,1,0,0,0,0,0,0,0,0,0,0,0,Tidak Likuid,0
JECC,-0.2775821310797188,-0.4385017298654686,0.15461397159388482,-0.36082449746740075,0.577215176148936,-0.6716114293778449,-0.8626772023005626,0.3467000748827714,0.7720376090381569,0.37781488104948185,-0.6384323002649529,0.7050133511554545,-0.3257551312299554,-0.07134289901216186,1.5399895720825614,0.0,0,0,0,0,0,0,1,0,0,0,0,0,Tidak Likuid,0
MRAT,-0.11639915866169175,0.0005593356168674107,1.080553618349095,-0.9900500131088482,0.13168263595416496,-0.24087705615449648,0.13351503040704812,-0.2669722189160305,-0.24799294110209222,0.4166305395449113,-1.4239212983283436,-0.2727516938456089,-0.3257551312299554,-0.6723991793273757,1.3122815523662392,0.0,0,0,1,0,0,0,0,0,0,0,0,0,Tidak Likuid,0
ATAP,-0.5828541332991521,-0.6876168550955114,0.8609208052671187,-1.6014281764491274,-1.2783627895128868,-0.2739411238442781,-0.5175320139801965,2.0384828860834703,1.0054274621507062,-0.6198153813391102,-1.380676376250183,-0.030076926946144198,-0.3028615483292201,0.3694317065523281,-0.8392226624661706,0.0,0,0,0,0,0,0,0,0,1,0,0,0,Tidak Likuid,0
PBSA,0.2505230122015164,0.09030871299967634,-0.5549149673974618,0.03286147781016201,0.23130721086226613,0.16566280098755787,-0.09115256251871978,-0.5869157233192623,-0.6085847758559134,-0.4721278692420633,0.9714337906102695,0.529974727711627,-0.3257551312299554,-0.25165978310672604,-0.4829211229508239,0.0,0,0,0,0,0,0,0,1,0,0,0,0,Menengah,1
ASBI,-0.7352240158132656,-0.9509732530850343,0.62431109348331,-0.885240758915108,0.38943181244369734,-1.165745185798435,-1.0414485334523844,1.7934628681413962,0.8053113801080478,0.9183575266068802,-1.1488507496666278,-0.40447481909682714,1.0478598428141659,0.2892908691769662,1.791837891544549,0.0,0,0,0,0,1,0,0,0,0,0,0,0,Tidak Likuid,0
SQMI,-0.03498438758748187,-0.331342887626041,-0.6549824815882582,-0.28879678584746465,-1.1667136357406525,0.41931145853573903,-0.43902865254033135,-0.08871198516799247,0.5555710344403488,-0.8833708247166607,-1.2597958709601864,-0.26803115647023945,0.22369085838769312,0.5497485906468922,0.5518621103777858,0.0,1,0,0,0,0,0,0,0,0,0,0,0,Tidak Likuid,0
DUTI,-0.6989566717365864,-0.846378071472695,0.8615748927002843,0.9478514705106448,1.6817953153098006,-1.649833229431656,-1.1376899425322475,0.5256339205945603,-0.4799456638133984,-1.7166828964849117,0.2743846447052853,-0.8513108587526559,0.6815625164024002,1.1107344522744251,1.374257129597899,0.0,0,0,0,0,0,0,0,0,1,0,0,0,Tidak Likuid,0
MSIE,-0.11795764845541491,-0.4352743928941412,-0.6241720676193083,-1.7850222501384767,-1.5911796040550157,0.4560937988271169,1.1826376544285035,0.1530868121261755,1.0041002829582748,1.8785011662550672,0.11909349368832724,-0.22303647084973738,-0.3257551312299554,0.2492204504892854,-1.064841617781426,0.0,0,0,0,0,0,0,0,0,1,0,0,0,Tidak Likuid,0
TFAS,0.04922713963094876,0.0463193120659094,0.30564092723200315,-0.7776878444546679,-0.42943085288416066,0.1879084614291178,0.3350558454312311,-0.4691695532955895,0.4650769632425401,1.0077719551302677,-0.926960507079511,0.5443443509923026,-0.3257551312299554,-0.5321527139204925,-0.7345373241460263,0.0,0,0,0,0,0,0,0,0,0,1,0,0,Tidak Likuid,0
NIRO,-0.4164307225148385,-0.10349195386072449,2.505324020545633,0.5201390267042634,-0.37572215267839065,-0.44150097953658274,-1.11349020596483,1.738129830100183,-1.4038369617156903,-1.2598052752800433,1.3870377370432827,-1.2224605682573548,-0.09681930222260189,2.0523892914349267,-0.1403145611758064,0.0,0,0,0,0,0,0,0,0,1,0,0,0,Tidak Likuid,0
PTMP,0.4059054249763087,0.559621052682454,0.4088308417208568,-0.7744574146217036,-0.8143750477043201,0.7689914784564609,1.5198819092862237,-0.5873008050078679,0.7659001104554258,0.9087610787257613,-0.5100758088855332,0.04990262722736411,-0.3257551312299554,-0.31176541113824735,-1.028399049896143,0.0,0,0,0,0,0,0,1,0,0,0,0,0,Menengah,1
WTON,0.3900803534418438,0.40645707090121563,-0.11194841698181547,-0.1332897860522726,-0.6263606078303403,0.6866259024447497,0.5305074777093518,-0.5865035150830775,0.42322492664599387,0.5035868202592894,-0.6640485389720859,2.032890129672599,-0.3257551312299554,-0.5521879232643329,-0.27308620977696496,0.0,1,0,0,0,0,0,0,0,0,0,0,0,Menengah,1
VISI,0.5597960422184863,0.5594414969509952,-0.3994038962614108,-0.32832606478165355,-0.238140421527,0.7434010793173566,1.4664883759491927,-0.541087905929201,1.4341659963726279,1.160700089382329,-2.5803214479518948,0.6957002274608188,-0.27996796542848473,-0.9128216914534611,-1.1114973894052598,0.0,0,0,0,0,0,0,1,0,0,0,0,0,Menengah,1
BELI,0.38776583006254634,0.24996069822773717,-0.6464482341867397,1.9715843767691,0.3813386336664787,0.2809650131608207,-1.0648789631339486,-0.5967172959164085,-1.698023614768209,-1.2648624599635285,1.13642909920069,-1.1661246443964204,-0.3257551312299554,1.3110865457128298,-1.0010090944154844,0.0,0,0,0,0,0,0,0,0,0,1,0,0,Tidak Likuid,0
PANI,1.497887883009076,1.6818045015935605,-0.9095296358254025,2.5606746306837946,2.273652149688548,0.83994812506693,0.4848932418578043,-0.6224626779461836,0.9154488239277242,1.0974359028671885,-1.0805991698132607,2.9429741315397795,-0.3257551312299554,-1.173279412923387,-0.6500462750361983,0.0,0,0,0,0,0,0,0,0,1,0,0,0,Likuid,2
CMPP,-0.5559698816699518,-0.9838380583317913,-0.455027800071711,-0.06958530479818738,-0.6701202871482583,-0.4785502620434881,-1.092387913761303,0.8414979408959364,-0.31265189506031216,-1.3750620153651116,-0.36298947383725455,-0.5972060901929099,-0.3257551312299554,0.4295373345838496,1.36590087199363,0.0,0,0,0,0,0,0,0,0,0,0,0,1,Tidak Likuid,0
DMMX,0.6137590793433837,0.5588658966040869,-0.6477687695622275,0.30361885241039116,-0.002418623323249968,0.6766869543716563,0.5913009697344181,-0.6018581387699808,0.6359810317919115,0.7817496046309135,0.9847092752094986,0.1306009857399799,-0.3257551312299554,-0.8326808540780993,-0.7424293452167247,0.0,0,0,0,0,0,0,0,0,0,1,0,0,Tidak Likuid,0
SCCO,-0.13993046087447553,-0.4949529830406328,-0.7176131353760523,0.28265793827918145,1.3380035078029813,-0.8015362312776323,-0.9747320567635348,-0.3713908871915713,-1.1267258030221716,-0.7108919833297487,1.2147627039787505,-0.3004235324747508,-0.3257551312299554,-0.3718710391697687,2.3756872891721352,0.0,0,0,0,0,0,0,1,0,0,0,0,0,Tidak Likuid,0
BABP,0.4720187109409308,0.5156811948681012,-0.12293975300321386,0.4260714977038997,-0.9071804086156048,0.9179836150989851,0.05240981668231571,-0.6112115884835225,-0.2009181555921255,-0.04472628221497527,-0.026032654647480846,0.051367264750046895,-0.3257551312299554,0.6899950560537756,0.7215405633977979,0.0,0,0,0,0,1,0,0,0,0,0,0,0,Menengah,1
GPRA,0.3666269192334976,0.6710219517067196,1.1222675408580485,-0.44042796664871714,-0.5789709537606208,0.6421727874230955,0.9195941659737675,-0.5959646089957416,-0.4242011930795777,-0.041201382098390124,0.3712812989964952,0.4869269010851556,-0.3257551312299554,0.008797938363200024,0.2774983190376294,0.0,0,0,0,0,0,0,0,0,1,0,0,0,Menengah,1
SMBR,0.4117372797763075,0.696258405014403,0.9600412554487693,0.40264236853722757,-0.03369563086230561,0.4808829782074651,-0.07473426641764579,-0.5937328300115322,0.45445847576444004,0.6149587420695173,-0.30434310996939107,1.9733457272791692,-0.3257551312299554,-0.7926104353904183,-0.2071646220099561,0.0,1,0,0,0,0,0,0,0,0,0,0,0,Menengah,1
FAPA,-0.11060567177620928,-0.5815186857316548,-1.0748300144912974,1.4441317366228843,1.8960917891822209,-1.0032948142011384,-1.121860637298972,-0.5682325379404994,-1.9430783961962144,-1.727236626921135,1.8063690731304036,-1.1065971293514414,-0.3257551312299554,1.1307696616182654,-0.8447935008690164,0.0,0,0,1,0,0,0,0,0,0,0,0,0,Tidak Likuid,0
DRMA,0.4889297617586607,0.33736568256766375,-0.8038097901067538,0.7473582002006269,0.8572183407771538,0.19705746996882334,-0.2741471099173647,-0.6088591369772183,-1.131520273491618,-0.7364047435091159,0.704915833972579,-0.34250341188996347,-0.3257551312299554,-0.6122935512958542,-0.9260348942438511,0.0,0,1,0,0,0,0,0,0,0,0,0,0,Menengah,1
AYAM,1.0945188023627965,1.0647525059856573,-1.0829188410404043,-0.2609282704917034,-0.31354379328821175,1.464312894016334,3.068313807570834,-0.6220768060036048,-0.7430977218229843,-0.2886171739183582,1.3616382129376143,-1.2442730139720575,-0.3257551312299554,-0.4520118765451306,-1.090838863661373,0.0,0,0,1,0,0,0,0,0,0,0,0,0,Likuid,2
APIC,0.8417897049007694,0.7638996978113506,-0.9646371272035247,1.247532368487425,0.9278874367693078,0.619960832939403,0.1539683475543444,-0.6208548532264548,-1.1446819864819215,-0.8323924001939486,1.1407736658737444,-0.7135010581604597,-0.3257551312299554,-0.25165978310672604,0.6853301137793,0.0,0,0,0,0,1,0,0,0,0,0,0,0,Menengah,1
MSTI,0.5221110504497908,0.4563650841642425,-0.5735787869108393,0.7541590460912019,1.1135767763823559,0.11816509613610653,-0.22125174528311467,-0.6099605105966979,-0.8560268305004874,-0.6278948933676246,0.7846726069812282,0.12974056758804556,-0.3257551312299554,-0.9128216914534611,-1.0857322617920977,0.0,0,0,0,0,0,0,0,0,0,1,0,0,Menengah,1
SSMS,0.9938403721094462,0.9424753064878294,-1.0431994082916969,1.2128483247222195,1.0134015969202632,0.7751468438404471,0.7121340081183183,-0.6210648936524161,0.5870996366305007,0.3962784860377602,-0.14434762444116506,-0.4501693981659815,-0.3028615483292201,-0.8727512727657801,-0.2459283725630916,0.0,0,0,1,0,0,0,0,0,0,0,0,0,Likuid,2
KOCI,-0.34177927425307125,-0.16139088313045288,1.749160299008964,-0.7257210750342185,-0.9534193421196354,-0.10717109542742223,-0.7458082843395711,-0.5190495103621082,-1.0619016675459723,-0.9249591047130327,1.5851540250674943,-1.019093794824098,-0.3257551312299554,1.8119667793088408,-1.07830447725497,0.0,0,0,0,0,0,0,0,0,1,0,0,0,Menengah,1
MICE,-0.44995130883538514,-0.7154819485530278,-0.006044638817506369,-0.5868977963823573,0.433376289936541,-0.8264644098625783,-0.9389690593559961,1.156160847363397,-0.7963291711071101,-0.8447674972127776,0.7876459129118492,-0.47422798490595297,-0.234180799627014,0.2492204504892854,0.43023213858231885,0.0,0,1,0,0,0,0,0,0,0,0,0,0,Tidak Likuid,0
SMGA,0.6723470617597328,0.5510441813542735,-0.9118739134508316,-0.18495194281598024,-0.6932315185158878,1.1061820390293058,1.7485988256517608,-0.615106417437437,0.12787306053035652,0.2901412740300334,-0.35294009690849015,0.6198017274497992,-0.3257551312299554,0.04886835705088083,-1.1049980779352728,0.0,1,0,0,0,0,0,0,0,0,0,0,0,Menengah,1
ACST,0.09190449739516576,0.03249514049850053,0.01840536604382517,0.07564058139452391,-0.5921408150540177,0.317647995958224,-0.5249262888023092,-0.5238637621652086,-0.4132011891335835,-0.5061951149265814,-0.6156261356975867,0.6046930486744998,-0.3257551312299554,-0.17151894573136414,-0.20623614894281514,0.0,0,0,0,0,0,0,0,1,0,0,0,0,Tidak Likuid,0
IBFN,-0.5615064318716612,-0.9088100610285833,-0.15989841375302566,-1.8270214417014263,-1.6633069843330461,-0.11803961949284485,-0.3225088715758587,3.7811106441412687,1.5436970028963044,-0.35523570173669927,-2.5803214479518948,0.07538748354767624,-0.3257551312299554,-0.05130768966832145,-0.3329727226075575,0.0,0,0,0,0,0,0,1,0,0,0,0,0,Tidak Likuid,0
PNBN,0.9772606281855419,1.0610945954852697,-0.6327422984625011,1.7551784247878957,1.1367488512829111,0.6967839530013343,-0.09601572948867211,-0.6207632866251989,-0.051197235868424215,-0.021786833353207833,-0.35953968772738043,1.3046259663209676,-0.3257551312299554,-1.1532442035795465,2.3756872891721352,0.0,0,0,0,0,1,0,0,0,0,0,0,0,Likuid,2
SGER,0.44633556785903394,0.6739235752849437,0.6571082612349467,0.8424402233847614,0.2450304730556138,0.39143208320124917,-0.48992944148683704,-0.6096732025453708,-0.2963527275263943,0.03697872036124767,-0.5988663876985597,-0.32480335797915133,-0.3257551312299554,-0.31176541113824735,-0.8106721156515858,0.0,0,0,0,1,0,0,0,0,0,0,0,0,Likuid,2
KICI,-0.128151198730742,-0.05670127103234815,0.8984031220326876,-1.657468306893299,-0.4397231110810035,-0.046934296550045995,0.9656523729934893,-0.19941855937239997,0.4923828191905984,0.9608993318622405,0.16532062756064345,-0.6357296540336064,-0.3257551312299554,-0.5922583419520138,1.4601408883084386,0.0,0,1,0,0,0,0,0,0,0,0,0,0,Tidak Likuid,0
BIKE,0.5269987624935845,0.41110985730181643,-0.7384672987602431,-0.1368779105723445,0.5311502375168003,0.3979329939896235,1.1032275634705395,-0.6100993543234328,-0.6100141255334401,-0.31153887446766354,-0.017926287448417805,0.7639202356725582,-0.3257551312299554,-0.13144852704368332,-0.9471576565213081,0.0,0,1,0,0,0,0,0,0,0,0,0,0,Menengah,1
CMRY,0.957528076385721,0.983030430185141,-0.791017256639487,1.7855803821821774,1.8485140016886852,0.3803579801469876,-0.17040562577961074,-0.6207815819882606,-0.604848581000561,-0.38719028433706193,0.5201497706625577,-0.28340044292358696,-0.3257551312299554,-1.0330329475165039,-0.9227852385088579,0.0,0,0,1,0,0,0,0,0,0,0,0,0,Likuid,2
BIKA,-3.6711332822442735,-5.467736899185445,-0.26705484360679566,-1.6532331177270887,-0.8961463272541347,-3.3356983446828483,-1.1407127521560876,-0.4882839576263857,-2.3868281524080426,-1.961306506314271,2.17950288914013,-1.2817750407614068,5.077130433343588,3.2745370614091946,-0.38032484903174674,0.0,0,0,0,0,0,0,0,0,1,0,0,0,Tidak Likuid,0
GOLF,0.5619980636630698,0.6016507844210551,-0.2601150646402263,0.7030804416234472,-0.06665649808941407,0.6747021192084105,-0.027473885096653945,-0.6145257236837965,-0.9340817375107512,-0.4098537030148722,0.8499952372751713,-0.5083574073761726,-0.3257551312299554,-0.17151894573136414,-1.1420882557848868,0.0,0,1,0,0,0,0,0,0,0,0,0,0,Menengah,1
TAMA,-0.7743928227283071,-1.1115335724854138,0.18233332835550237,-1.7551120910649707,-1.4410727516827442,-0.41798633654956735,-0.715411981213997,2.9666980708336173,0.8574504471489809,-0.6164904147958743,-0.45544374158188666,0.2537074728244334,-0.21128721672627868,0.5898190093345733,-0.7684265910966718,0.0,0,0,0,0,0,0,0,1,0,0,0,0,Tidak Likuid,0
CANI,-1.1426425518535999,-1.350407349089783,1.3220681276915165,-1.5742812757205789,-1.0034369220749841,-1.0690101952478475,-1.0788246890010256,4.126173612895532,0.840004929990397,-1.0138623056769538,-0.4371273300475729,-0.9871210453019302,0.3610523557921052,1.1307696616182654,-0.25405251190057504,0.0,0,0,0,1,0,0,0,0,0,0,0,0,Tidak Likuid,0
HALO,0.3276698401055213,0.27696629493890584,-0.2744292012446632,-0.517866428506792,-0.8437746907837201,0.6969545154623571,0.8712396782794614,-0.5786487671421668,0.2459136291273381,0.6501803134063806,0.18818019925574472,-1.578465984092901,-0.3257551312299554,0.48964296261537105,-1.0223639749597269,0.0,0,0,0,0,0,1,0,0,0,0,0,0,Menengah,1
MLPT,0.49290324850477985,0.546842791762423,-0.11326131281655931,0.29235621556622593,0.845877739872696,0.22892304225161758,0.3631958516153086,-0.5845499251790285,2.0184133676709615,1.2595418339872957,-0.8522411462083246,0.29153564392708775,0.08632936098328098,-0.7926104353904183,-0.20948580467780864,0.0,0,0,0,0,0,0,0,0,0,1,0,0,Menengah,1
DOID,0.7901109334173027,0.7510284205708618,-0.7995452069701506,0.6710861136519561,0.4637884450835138,0.7232608207138174,0.7247071896682216,-0.6166619052004042,-0.08788671057100317,0.2970717778697163,-0.9509868390793896,0.7769032484916845,-0.3257551312299554,-0.952892110141142,0.8132272787779684,0.0,0,0,0,1,0,0,0,0,0,0,0,0,Menengah,1
PDPP,0.5561320884753316,0.4721841320283546,-0.6725261360368228,0.25898431447650194,0.5039774148821562,0.4336582098692322,0.5748723785063055,-0.5925260885173014,-0.3849517691060308,0.16606924206675291,0.1365823798035681,-0.1913876213393095,-0.3257551312299554,-0.5922583419520138,-1.0012412126822696,0.0,1,0,0,0,0,0,0,0,0,0,0,0,Tidak Likuid,0
TPIA,1.471659099420221,1.6115893874452074,-1.0034755949905814,2.568010533876095,2.187611217638242,0.8856492331489256,-0.3935124107149801,-0.6224913990630458,0.5316451823426553,0.25643531655521645,-0.5353894907493042,2.848375179145801,-0.3257551312299554,-1.173279412923387,0.22434323594380903,0.0,1,0,0,0,0,0,0,0,0,0,0,0,Likuid,2
APII,-0.8095041549568435,-1.2357169415798142,-0.11303769816407885,-0.8085288730128667,-0.20189463951597714,-1.0123753523696177,-1.0808795747023827,1.8488531158458958,-1.2203817343800518,-1.0924315143746814,1.5463921426279745,-1.0559648420309145,-0.16550005092480793,0.028833147707040426,-0.2357151688245409,0.0,0,0,0,0,0,0,1,0,0,0,0,0,Tidak Likuid,0
TOOL,-0.23870922625571966,-0.4099187436817879,0.05765543642978902,-1.0880239800971927,-0.9415281928120847,0.030742124085761578,-0.17347949103884547,0.08937052726141943,-1.203603221067558,-0.603852764943853,1.4982609162849454,-0.9919605556621884,-0.3257551312299554,0.9704879868675418,-0.9798863321380273,0.0,0,1,0,0,0,0,0,0,0,0,0,0,Menengah,1
HAIS,0.5672538066773744,0.33968111601092704,-1.0910413879419305,-0.27739058181319864,-0.07804984901091808,0.6992669847378099,1.45587891238548,-0.6119870636088978,-1.2369594311635062,-0.9667416588329085,1.0042367737422633,-0.05309667177471849,-0.3257551312299554,-0.011237270980640644,-0.9005018848974745,0.0,0,0,0,0,0,0,0,0,0,0,0,1,Tidak Likuid,0
SKRN,-0.12907323556553693,-0.20745683859899533,0.26608163053636985,0.46301206876643264,0.21370901858932473,-0.3236947311381417,-1.0206310372776972,-0.3450840523283223,-0.3049946154813034,-0.32666772018584844,0.22432247290118731,-0.8152259219234269,-0.3257551312299554,-0.5722231326081734,-0.6553849951722588,0.0,0,0,0,0,0,0,1,0,0,0,0,0,Tidak Likuid,0
BRAM,-0.5012705848906657,-0.8175233640034729,-0.12688851726729888,0.47566357280739435,1.9507947089323125,-1.5222508875974559,-1.1205177111919964,0.3195598007109596,-1.0857401289016375,-1.1347045349033715,1.1507390371453137,-0.946371942974934,-0.07392571932186652,-0.19155415507520454,1.7268447768446815,0.0,0,1,0,0,0,0,0,0,0,0,0,0,Tidak Likuid,0
INRU,-0.40770420359153337,-0.5313592422843644,0.503103985253304,-0.19210036839200167,0.41822397181658777,-0.7429083591714596,-1.0141172955715083,1.243737486374974,0.8186067163790272,0.8842565674419661,0.04594286426400285,0.007714617419403828,-0.005244970619660457,-0.5521879232643329,1.7451821199207158,0.0,1,0,0,0,0,0,0,0,0,0,0,0,Tidak Likuid,0
INKP,1.2185724447079407,1.3168533034151295,-0.8600462860405746,1.749384533894665,2.0304232227760095,0.643470048423456,0.742976841502556,-0.6222976299205276,-0.3325387246181634,-0.393726910643865,-0.6411357878147496,1.5365319182242103,-0.3257551312299554,-1.1131737848918657,1.7386828084507286,0.0,1,0,0,0,0,0,0,0,0,0,0,0,Likuid,2
DOOH,1.0392424776427203,1.0695020928803864,-0.8655303268954679,-0.20237938791093918,-0.6406025275775066,1.5675135380058072,3.068313807570834,-0.6209878816949419,1.1747414728188277,1.383218899688876,-0.5749966740102904,1.6307479387105157,-0.3028615483292201,0.08893877573856164,-1.0430225007036134,0.0,0,1,0,0,0,0,0,0,0,0,0,0,Likuid,2
STAA,0.9824334424558221,0.9194419780463785,-1.06232225850662,1.077016304690536,0.759272736183489,0.870077410100034,0.882625242119247,-0.6217252501127033,-1.0334569622043492,-0.685328661733461,1.1600071799560776,-0.23853675135533614,-0.3257551312299554,-0.512117504576652,-0.9446043555866706,0.0,0,0,1,0,0,0,0,0,0,0,0,0,Likuid,2
IPPE,-3.6711332822442735,-1.3153642063987998,-0.26705484360679566,-1.3228876203610156,-1.70282875782725,-3.3356983446828483,-1.1407127521560876,0.28216084406720976,-0.9945245436789727,-1.6820691818019193,1.7172315504169688,-0.7935420515623232,4.481897277924468,3.034114549283109,-0.9234815933092134,0.0,0,0,1,0,0,0,0,0,0,0,0,0,Tidak Likuid,0
JTPE,0.5476986596228349,0.4964047360881755,-0.5570663606972641,0.23940669686724556,-0.012667815663503926,0.6445961228857985,0.584888862448625,-0.6133560677612269,-1.1813451500310035,-0.9445092149275619,0.6492253540565629,-0.12804095674094623,-0.3257551312299554,0.3694317065523281,0.7424312074084696,0.0,0,0,0,0,0,0,1,0,0,0,0,0,Menengah,1
BREN,1.5151450650474856,1.741132520871834,-0.8062616316396891,2.568010533876095,2.04405534200351,1.0000433844095413,-0.38930176883470097,-0.6225070615592861,0.7804973811573163,0.6428900310258332,-1.3865902952956823,2.9429741315397795,-0.3257551312299554,-1.0931385755480252,-1.0787687137885407,0.0,0,0,0,0,0,0,0,1,0,0,0,0,Likuid,2
BOAT,0.5219019460049116,0.8376414024504629,0.918639095158641,-0.4198842172540063,-0.4319877457325018,0.7575458659107985,1.4088843898863914,-0.5954498320232278,1.9432557050071335,2.456436404739439,-1.876928108155606,2.649688717498652,-0.3257551312299554,-0.770620571476447,-1.1420882557848868,0.0,0,0,0,1,0,0,0,0,0,0,0,0,Menengah,1
MEGA,-0.24909758437452548,-0.45385729109903455,-0.05692824937518178,1.5090642464614727,1.265555763956298,-0.946186751790975,-1.1333102038305054,-0.24771834906042167,-1.3249760050179298,-1.0709079522787188,0.15001896303844822,-0.4346223638032715,-0.3257551312299554,-0.3718710391697687,0.9116454238949111,0.0,0,0,0,0,1,0,0,0,0,0,0,0,Tidak Likuid,0
IDEA,-0.44504542651079354,-0.6491735464504739,0.22875915180961853,-1.5428847054371368,-1.1098964265884275,-0.14807549975496406,-0.19454176294960063,0.9169307451732933,0.28052295764496565,1.1907056752032865,0.12496360592608184,-0.09325938245046406,-0.3257551312299554,0.18911482245776393,-0.9023588310317564,0.0,0,1,0,0,0,0,0,0,0,0,0,0,Menengah,1
TOBA,1.0851674013611101,1.365683594826525,-0.08230657814553846,0.6384498207220137,0.382694946397039,1.162115044739148,1.9723013629854715,-0.6207143372415214,1.2061496232348095,1.2644840619365862,-1.164700052708565,2.9429741315397795,-0.3028615483292201,-1.1131737848918657,-0.12429840076762468,0.0,0,0,0,1,0,0,0,0,0,0,0,0,Likuid,2
CEKA,0.06113827889674781,-0.09684987184479206,-0.3068198050662464,0.10977538265949603,1.3177435095669439,-0.5573818084523036,-0.6602247760711584,-0.4845974632633415,-0.9043669755815791,-0.5255351562145459,1.3438585460636467,-0.40729619959049934,-0.3257551312299554,-0.4920822952328115,1.231504395524975,0.0,0,0,1,0,0,0,0,0,0,0,0,0,Tidak Likuid,0
UNTD,0.4713862934095607,0.27103157807466594,-0.9257449110195788,-0.24114213528307948,-0.5988335040475368,0.785004917530401,1.0021531311797616,-0.608890740326563,0.387205110512568,-0.08921853357986514,-0.46993284324335893,0.601513807902835,-0.3257551312299554,0.028833147707040426,-1.1068550240695547,0.0,0,1,0,0,0,0,0,0,0,0,0,0,Menengah,1
PSDN,-0.12404037765620825,-0.15616550245260782,0.448513564393612,-1.0349903658386532,-0.6626063898413632,0.0602489570401976,0.1063027146602019,-0.28711932778109317,-0.18337055901113442,0.47854074648646855,0.2571864310834216,-0.20751740130907445,-0.3257551312299554,0.1490444037700831,1.3777389035996772,0.0,0,0,1,0,0,0,0,0,0,0,0,0,Menengah,1
BUAH,0.152612549250009,-0.08919351305640047,-0.7009888829344796,-0.06524440485469349,0.7790924255816722,-0.19900977105506545,-0.26916283004251196,-0.5853635606811208,-1.2061220118992304,-0.9113256472205641,0.17558981314403554,-1.2011447790435739,-0.3257551312299554,-0.5722231326081734,-0.9798863321380273,0.0,0,0,1,0,0,0,0,0,0,0,0,0,Tidak Likuid,0
WAPO,0.20643896423421187,0.3170360820941646,0.5359453479565497,-0.926806118807504,-0.4371337839778671,0.3514894979681859,0.9993994897468518,-0.4623576622227433,1.4912186989972043,1.5088087275596864,0.11619423093675349,1.908734631139001,-0.3257551312299554,-0.6523639699835352,0.8116024509104717,0.0,0,0,1,0,0,0,0,0,0,0,0,0,Tidak Likuid,0
AWAN,0.8766873064179229,0.7415780013570561,-1.0910413879419305,0.0369066082717617,0.15373452574226196,1.001869322864351,2.163535603471525,-0.5194109353868671,0.3804853856102293,0.6574092044654916,-0.40921660770957075,0.12949211858746648,-0.3257551312299554,-1.0330329475165039,-1.0383801353679083,0.0,0,0,0,0,0,0,0,0,0,1,0,0,Tidak Likuid,0
ZINC,-0.12071008600234066,-0.4657318355531313,-0.7085778174269501,-0.46412672621618334,-1.6633069843330461,0.5024049657656624,-0.5124204451443751,-0.2214074517090062,0.5804839482004649,-0.6224120433299652,-1.2341931506616732,0.04694900463211108,0.13211652678475164,1.4112625924320317,-0.5718224191295717,0.0,1,0,0,0,0,0,0,0,0,0,0,0,Tidak Likuid,0
TELE,-3.6711332822442735,-0.8070250868141667,-0.26705484360679566,-1.3124757618831149,-1.9511254321234468,-3.3356983446828483,-1.1407127521560876,0.6036337435653124,1.7088093066332588,-0.6406423574999098,-0.7401055659535172,-0.34702200097573827,2.741984977468582,1.952213244715724,-0.0834455858134221,0.0,0,1,0,0,0,0,0,0,0,0,0,0,Tidak Likuid,0
HADE,-0.30958601863918705,-0.5974270449152445,-0.2822712266710964,-1.8822762912134383,-2.0156455723693787,0.460832900081481,0.917328350957031,0.9230858715428096,2.316984944508559,2.456436404739439,-1.2875321512835762,-0.8516799377193884,-0.3257551312299554,1.150804870962106,0.5736812274555984,0.0,0,0,0,0,0,0,0,1,0,0,0,0,Tidak Likuid,0
ARII,-0.2304107788003546,-0.441927190165978,-0.10860441174658861,-0.060227405369698964,0.03216011503305314,-0.37839156691440023,-0.9393414326621453,0.056827153719628765,0.021212221901391604,0.9359071546854891,-0.3897525513422797,0.010339538200509413,-0.3257551312299554,-0.472047085888971,-0.06835789847238131,0.0,0,0,0,1,0,0,0,0,0,0,0,0,Tidak Likuid,0
FMII,-0.2652080104309381,-0.16480862129863075,1.2525182506700205,0.4176843533468893,0.25345392014120277,-0.48660631798881676,-1.0639154261672197,0.9964058654234328,2.316984944508559,1.3175538856597584,-0.4831800219052763,-1.6512665478408923,0.8418175967075477,0.08893877573856164,0.8944686721528032,0.0,0,0,0,0,0,0,0,0,1,0,0,0,Tidak Likuid,0
DSFI,0.04847936607088728,-0.05175792469683288,-0.07668057030224022,-1.09932067299335,-0.8961463272541347,0.382600370690163,0.7912880772866577,-0.49690122823331917,-0.07759726473588402,0.3792166922530425,0.6519975959679462,-0.0781547141470628,-0.3257551312299554,0.46960775327153037,0.9172162622977569,0.0,0,0,1,0,0,0,0,0,0,0,0,0,Menengah,1
AMIN,-0.569453951741462,-0.6778133813607548,0.8236687296527125,-0.8955528946346549,-0.31354379328821175,-0.6568830959450843,-0.925886390548233,1.387904897947757,-0.10962823946418156,-0.0669993150898598,1.3036203526120356,-0.5064346008779393,-0.3257551312299554,-0.27169499245056644,-0.41491047078274795,0.0,0,0,0,0,0,0,1,0,0,0,0,0,Tidak Likuid,0
CHIP,0.08816732087862512,-0.23908067353980264,-0.8851267616713974,0.07358154616146644,1.0862809507394293,-0.39308973281732473,-0.5279892779938146,-0.5862635648439763,-1.3689492443517814,-0.9620063405447101,0.5879503134804451,-1.0863764800570526,-0.3257551312299554,-0.3718710391697687,-1.0223639749597269,0.0,0,0,0,0,0,0,0,0,0,1,0,0,Tidak Likuid,0
BSSR,0.6942904735033169,0.6365213508636505,-0.7493624454602753,1.1762342952636562,1.758040756622751,0.08187805607910069,-0.1986999294487338,-0.62025640915785,-1.3426368111059312,-1.12608696847707,0.9265405740337714,-0.16033199699390674,-0.3257551312299554,-0.8527160634219397,-0.15331318411577996,0.0,0,0,0,1,0,0,0,0,0,0,0,0,Menengah,1
BSIM,-0.457744475942085,-0.7064583712792477,0.07037497020135983,1.3678638597649075,0.7701629155474663,-0.9659858043116426,-1.136622396509369,0.484926555962541,-0.4678851520087208,0.1038644729606415,1.090789082053807,-0.8753783445241422,-0.3257551312299554,0.18911482245776393,0.008241129566748573,0.0,0,0,0,0,1,0,0,0,0,0,0,0,Tidak Likuid,0
SAME,0.24394367722517918,0.1685374128432098,-0.2520922844534603,0.7563702010553687,0.07839904853708397,0.2055538653199211,-0.7879478857393335,-0.543176933025532,0.029105196601807805,0.3540110919300857,0.7674740726766568,-0.1080174366836914,-0.3257551312299554,-0.6323287606396948,-0.16816875319003544,0.0,0,0,0,0,0,1,0,0,0,0,0,0,Menengah,1
PGLI,-0.3715121406433486,-0.3689628727160582,0.9901789650213346,-1.2705993910044802,-0.30100325373156245,-0.42716763098277893,-0.3564815826340615,0.871953497122408,1.260593936228356,2.0440093809674638,-0.44003469695778136,-1.4361761934764687,-0.3257551312299554,-0.9128216914534611,0.9144308430963339,0.0,0,1,0,0,0,0,0,0,0,0,0,0,Tidak Likuid,0
DILD,0.683680768724348,0.679320590492185,-0.5676231096230934,0.24404178093836282,-0.25902965439272185,0.9181390491919657,1.0589906112462724,-0.6169071368711581,-0.5817274577104533,-0.32345641153234317,-0.6427852841170626,1.1557923457152357,-0.3257551312299554,-0.6523639699835352,1.6423537277348534,0.0,0,0,0,0,0,0,0,0,1,0,0,0,Menengah,1
SOCI,0.29825496160294895,0.15791791572955538,-0.5473792140152705,0.09197397471685372,-0.21613655926314337,0.4095562499999563,-0.03654682736503483,-0.5938366937830448,-0.38250984790150294,-0.48785804649381315,0.4924507869958111,0.21199653984109373,-0.3257551312299554,-0.512117504576652,-0.3285624755386379,0.0,0,0,0,1,0,0,0,0,0,0,0,0,Menengah,1
RELF,-0.1305043594614565,-0.44379982234288523,-0.5961956492418485,-1.094793418177264,-1.5580701922674425,0.4417080483136357,0.17139105282620995,-0.1765050151435004,0.482435348991045,1.261954280080862,-0.19789256715041137,-0.5323895924704724,-0.3257551312299554,1.0105584055552226,-1.0534678227089491,0.0,0,0,0,0,0,0,0,0,1,0,0,0,Tidak Likuid,0
PMMP,0.41455816478310975,0.41441059008682524,-0.20696166814085334,-0.8215295260162031,-0.7508124916214783,0.7204438551898412,1.5305216752768913,-0.5943440394084131,0.49722096730339665,0.7699885376224652,-2.0836661235290195,1.3184143542316615,0.22369085838769312,-0.011237270980640644,-0.8408474903336673,0.0,0,0,1,0,0,0,0,0,0,0,0,0,Tidak Likuid,0
GTRA,-0.0490309705158285,-0.13326215474326236,0.12457297575471468,-0.6956673685853033,-0.4044324861324323,0.05756638575105756,-0.06788647919804983,-0.34764658325855474,-0.3210247654827239,0.5992980447431819,0.23382352317100508,-0.2681050020094672,-0.3257551312299554,-0.5321527139204925,-1.033969888298989,0.0,0,0,0,0,0,0,0,0,0,0,0,1,Tidak Likuid,0
LMAX,-0.07846090055142649,-0.2917451755461982,-0.3204775989580159,-1.8822762912134383,-1.2388410160186831,0.33462490932041455,1.4397785114374335,-0.22829012861142192,0.7185971733687101,1.5865117002016076,0.06626248354853762,0.8496737237402714,-0.3257551312299554,0.1490444037700831,-1.0646094995146407,0.0,0,1,0,0,0,0,0,0,0,0,0,0,Tidak Likuid,0
LTLS,0.03530437481764674,-0.22113383535440836,-0.6100748283829636,0.2219875195100521,0.8695774877746683,-0.3732016202490622,-0.7437906827683256,-0.4225984998242266,-1.53460409497601,-1.2662748912586748,1.1831510716979772,-0.48825108264496364,-0.3257551312299554,0.5697837999907327,1.1439958089469386,0.0,1,0,0,0,0,0,0,0,0,0,0,0,Tidak Likuid,0
BATA,-0.5964783527650354,-0.867354053607515,0.18499355161925615,-1.3087945602651947,-0.9415281928120847,-0.4545568078675885,-0.7839991084035753,0.7303070333488068,-1.2562197462399962,-0.6323746662968044,0.18595774089649877,-0.7977528466541972,-0.3257551312299554,1.7117907325896389,2.3756872891721352,0.0,0,1,0,0,0,0,0,0,0,0,0,0,Tidak Likuid,0
ENZO,-0.8229641774608601,-1.2103925216775047,0.05454484983062707,-1.244599444522138,-1.1667136357406525,-0.6473883697725437,-1.022239532123253,2.652138341564183,0.2939758988016519,-0.689099349022792,-0.08982913731902342,-1.2242500593149621,-0.3028615483292201,0.9504527775237014,-0.8187962549890693,0.0,0,0,1,0,0,0,0,0,0,0,0,0,Tidak Likuid,0
INTP,1.016606855226884,0.9973794694845118,-0.9803555900530363,1.5135968283797094,1.9751605931837952,0.40303810511695937,0.36462052317951216,-0.6215623663297708,-0.5855187632756196,-0.520129041408733,-0.2992077321653248,0.9654712917262684,-0.3257551312299554,-0.7926104353904183,1.790445181943838,0.0,1,0,0,0,0,0,0,0,0,0,0,0,Likuid,2
ZBRA,-0.1721980015797773,-0.05181640339681943,1.1880097872791657,-0.9897697462086601,-0.9415281928120847,-0.049294224022943575,-0.43839733498326183,-0.5182536421059216,0.5099355002244014,0.06391709199953659,-2.4493332972798645,-0.832836606972012,0.3152651899906345,1.3912273830881914,1.6502457488055515,0.0,0,0,0,0,0,0,1,0,0,0,0,0,Tidak Likuid,0
GMTD,-0.30339328723851844,-0.3636993817901331,0.6082330542773927,0.6055769228048773,1.6167516927852994,-1.1392028627507254,-1.1014879059305605,0.46312264681823956,0.0866226370375116,0.8821942138192738,-1.2380030792775234,0.13132675035589148,-0.21128721672627868,-0.9128216914534611,0.8564012764000234,0.0,0,0,0,0,0,0,0,0,1,0,0,0,Tidak Likuid,0
BTEK,0.21246389465594945,0.019828071789070836,-0.614982309043756,-0.7029749961404891,-2.0156455723693787,1.2313412366421566,0.8521500726878344,-0.3412199735058015,2.316984944508559,2.456436404739439,-1.1488507496666278,0.9918163644580806,-0.3257551312299554,1.3912273830881914,0.5662534429184707,0.0,0,0,1,0,0,0,0,0,0,0,0,0,Menengah,1
CPRO,0.2992883286860054,0.4737632786718818,0.6618348342696909,0.5354743129270217,-0.9534193421196354,0.7220500463810335,-0.5144485418758378,-0.6207343871318507,-0.9481533825306776,-1.2076312750797602,1.2549602116938081,-0.9380916679015141,-0.3257551312299554,2.1726005474979693,0.3508476913417659,0.0,0,0,1,0,0,0,0,0,0,0,0,0,Likuid,2
HEXA,0.5959031839895638,0.5452779375767711,-0.6129394052732653,0.6981336481067348,1.8497496254886832,-0.09617358957386385,0.06303868093718391,-0.6174756171129004,-1.1484537151724235,-1.102979955921,-0.11776226180827673,0.4621087560515885,-0.3257551312299554,-0.6723991793273757,1.3503489481190187,0.0,0,0,0,0,0,0,1,0,0,0,0,0,Menengah,1
ICBP,1.2919353534044835,1.3630962545843133,-1.010123695628533,2.3685332151147125,2.273652149688548,0.5906275150608395,0.08725428188137986,-0.6224454380809029,-1.0545827922513447,-0.7282912057389916,0.7818543884693232,-0.23030783482225017,-0.3257551312299554,-1.1332089942357062,0.023793053441359836,0.0,0,0,1,0,0,0,0,0,0,0,0,0,Likuid,2
RMKO,0.033231665956353726,-0.047509032280388726,0.019574239616310843,-0.8280769279851403,-0.317781699111926,0.12998868546487727,0.37741399600857306,-0.4266305056558891,-0.02533046577157596,0.4167166493500285,-1.3608190708372478,-0.5365955463882136,-0.3257551312299554,-0.3318006204820879,-1.0625204351135735,0.0,0,0,0,1,0,0,0,0,0,0,0,0,Menengah,1
ARTO,1.0520826269933665,1.1123171642009748,-0.7914094373482858,1.690896242710099,1.393749478469094,0.7072335387683207,0.2752317487373233,-0.6212213320358516,-0.14014007675634793,0.05996007799160662,-1.1348953884976267,2.3539519394303903,-0.3257551312299554,-0.9729273194849823,-0.42257037358666094,0.0,0,0,0,0,1,0,0,0,0,0,0,0,Likuid,2
TRIS,-0.3083348379562939,-0.4650024060923525,0.21691093797924607,-0.29191501568828654,-0.20542418788937875,-0.3684923774975575,-0.9156577854472627,0.18099906263660304,-1.0638731507347472,-0.36045141820700766,1.0527165010024253,-0.7846129651741683,-0.3257551312299554,-0.4319766672012902,-0.12244145463334276,0.0,0,1,0,0,0,0,0,0,0,0,0,0,Tidak Likuid,0
GHON,-0.4533811304924722,-0.6197046785126608,0.39554753984859053,-0.04799372482233143,1.1666549722336972,-1.1151444697861337,-1.0631050031962372,0.4978660347749268,-0.8448030182166626,-0.7496383615632377,0.7519002254362509,-0.7241917556151144,-0.3028615483292201,-0.7525400167027374,-0.612443115816989,0.0,0,0,0,0,0,0,0,1,0,0,0,0,Tidak Likuid,0
BRMS,1.5663872500247509,1.799436429865299,-0.8714465617221637,1.9387870001139234,0.27805059783457053,1.5675135380058072,1.7860300681906278,-0.6225064395816722,0.7287124903269673,0.7485709648538098,-0.2684765078230052,1.8923311503529114,-0.3257551312299554,-1.0931385755480252,0.00916960263388953,0.0,1,0,0,0,0,0,0,0,0,0,0,0,Likuid,2
ASGR,0.38582153104162437,0.17861193741744918,-0.8555506028431801,0.07554298392039836,0.7737503595946651,0.10054875353223289,0.24976638500674406,-0.6055859269564794,-1.2055375094586949,-0.8773416396778161,1.3826594765344602,-0.06978118454777131,-0.3257551312299554,-0.3919062485136092,1.7950875472795427,0.0,0,0,0,0,0,0,1,0,0,0,0,0,Menengah,1
KOPI,-0.04426871952093309,0.1923928415291334,1.5021821935878166,-0.4039479462721357,0.5722646645680699,-0.37552414962631214,-0.4322201104919557,-0.0468918651482839,1.3389070404188068,0.13524011534858982,-1.5748007689186834,-1.0022259572993464,-0.09681930222260189,-0.4319766672012902,-0.36384445208999466,0.0,0,0,0,1,0,0,0,0,0,0,0,0,Tidak Likuid,0
BCAP,0.6206931393015989,0.7346684601201448,-0.0644108595433604,0.43666133720099015,-0.8746572821265374,1.0930102157830688,0.5251178919285134,-0.6105867636434836,0.4526747565030639,0.8204170517919586,-1.2665198177052508,0.1685348321157033,-0.3257551312299554,0.08893877573856164,0.8148521066454651,0.0,0,0,0,0,1,0,0,0,0,0,0,0,Menengah,1
LUCK,0.028489657302157717,0.054944174504073046,0.4582653939586115,-1.458616557253836,-0.7683101090721839,0.3071231919299306,1.2842550201196172,-0.43539043759477153,0.5013453131176409,1.749496755700904,0.0509046317637148,0.24227973891570675,-0.3257551312299554,-0.07134289901216186,-0.6665266719779505,0.0,0,0,0,0,0,0,0,0,0,1,0,0,Tidak Likuid,0
EMTK,1.0637530524868601,1.11345964706636,-0.8352967697297039,1.6774781162735222,0.46081430156126063,1.102360197052874,0.30083659002169966,-0.6215681513063326,0.0005752988932408353,0.2227807578245039,0.7233481721621731,1.6988924568867574,-0.3257551312299554,-0.8927864821096206,0.08600074893980474,0.0,0,0,0,0,0,0,0,0,0,1,0,0,Likuid,2
KAYU,-3.6711332822442735,-5.467736899185445,-0.26705484360679566,-1.8822762912134383,-1.5580701922674425,-3.3356983446828483,-1.1407127521560876,-0.4882839576263857,-2.3868281524080426,-1.961306506314271,2.17950288914013,-1.2817750407614068,5.077130433343588,3.2745370614091946,-0.7171284541371332,0.0,1,0,0,0,0,0,0,0,0,0,0,0,Tidak Likuid,0
MNCN,0.9196662617070795,0.9346109894801966,-0.7808131538742766,0.7070826909176775,0.09595939004269567,1.081817509683889,1.2578019188334477,-0.6209287961554286,-0.6355750189607184,-0.4420075113275949,0.18739435762595597,1.0969867779170503,-0.3257551312299554,-0.5321527139204925,0.30303132838400615,0.0,0,1,0,0,0,0,0,0,0,0,0,0,Likuid,2
ADES,0.39296530193331297,0.16972122334219603,-0.9088649493072726,0.8630246374822066,2.273652149688548,-0.5379026395545562,-0.6290543114498244,-0.6008059920838432,-1.0126349587000651,-0.7038380821548383,0.9095047404233684,-0.10839340493007263,-0.3257551312299554,-0.8727512727657801,1.407217923481403,0.0,0,0,1,0,0,0,0,0,0,0,0,0,Menengah,1
MORA,-0.3725511477738484,-0.5509009538037467,0.2249315076507726,1.1121974227812064,0.33039588483110915,-0.6786719400782935,-1.1304383713302968,0.271638303344429,0.22316205377394976,0.49972540981549196,0.2769315942299306,-0.5469565216454018,-0.3257551312299554,-0.4319766672012902,-0.9796542138712421,0.0,0,0,0,0,0,0,0,1,0,0,0,0,Menengah,1
GZCO,0.5618085807553826,0.5764935410131328,-0.34924640990045597,-0.26345930990371513,-0.5628971976956654,0.8903573773973535,1.3917712808604727,-0.6089545757878321,-0.09103284974564975,0.3183676395382041,0.24236585068117028,1.3071759116103274,-0.3257551312299554,-0.6323287606396948,0.22689653687844674,0.0,0,0,1,0,0,0,0,0,0,0,0,0,Likuid,2
DSNG,1.1232223230214702,1.1252678405425667,-1.0283269016066505,1.0762196793842649,0.7755362312234937,1.024683412152615,1.3557860481276227,-0.6217102375459345,0.09671709631840457,0.17623365129540272,-0.5738796831087696,0.1742770925633753,-0.3257551312299554,-0.7926104353904183,-0.20391496627496275,0.0,0,0,1,0,0,0,0,0,0,0,0,0,Likuid,2
BPII,0.032756001575092404,-0.2738892666608693,-0.7644454599543835,0.8386331479688065,0.4927614429720763,-0.24938760198514864,-1.0238676029979512,1.3980452019720695,-1.5138817604241996,-1.3243861145431954,1.554175841849163,-1.2299309381877281,0.49841385319651743,1.3511569644005106,-0.294208972054422,0.0,0,0,0,0,1,0,0,0,0,0,0,0,Tidak Likuid,0
VAST,0.15721447231622876,0.13566356704487362,0.0720216451320308,-0.7012046900355512,-0.7011332403750191,0.43376981831478867,0.5764794126387867,-0.3759029712570996,0.7387551384342976,0.9753754271645282,0.6623046492282172,0.8236745451871407,-0.3257551312299554,-0.3718710391697687,-1.0223639749597269,0.0,0,0,0,0,0,0,0,0,1,0,0,0,Tidak Likuid,0
BBHI,0.3028868418409014,0.26396240291186535,-0.19813983773784,1.388670795016666,0.736893572981362,0.014699676027756094,-0.9879786823573552,-0.5842542261303074,0.3300494421562575,0.24647495918887338,-0.3786977232113427,0.9399537898591089,-0.3257551312299554,-0.7124695980150565,-0.3870562787685188,0.0,0,0,0,0,1,0,0,0,0,0,0,0,Menengah,1
BKSL,0.7487766682131892,1.0710787380877111,0.5855662337429012,1.1453058727118686,-0.8191780130903529,1.255766829566311,0.03704840338909155,-0.5968076200364222,0.8587277344471445,0.18040047221569752,0.3920537127439078,2.368867697911403,-0.3257551312299554,-0.4119414578574496,1.1423709810794418,0.0,0,0,0,0,0,0,0,0,1,0,0,0,Likuid,2
JRPT,0.2883005920748574,0.014499605638100883,-0.9422303691890235,1.1091381540914915,0.657937815391358,0.04003215655007905,-0.8928503156708113,-0.6077971785872426,-1.757225078850803,-1.1027596410175053,1.775398142706638,-1.0776577189883605,-0.3257551312299554,1.2109104989936272,1.4035040312128393,0.0,0,0,0,0,0,0,0,0,1,0,0,0,Tidak Likuid,0
